ZIP,City,County,Population
30044,Lawrenceville,Gwinnett County,"101,475"
30024,Suwanee,Gwinnett County,"88,067"
30043,Lawrenceville,Gwinnett County,"87,929"
30040,Cumming,Forsyth County,"82,532"
30349,Atlanta,Fulton County,"79,872"
30052,Loganville,Walton County,"79,811"
30041,Cumming,Forsyth County,"77,664"
30096,Duluth,Gwinnett County,"71,732"
30127,Powder Springs,Cobb County,"71,626"
30281,Stockbridge,Henry County,"71,603"
30047,Lilburn,Gwinnett County,"70,121"
30188,Woodstock,Cherokee County,"69,518"
30004,Alpharetta,Fulton County,"68,707"
30135,Douglasville,Douglas County,"66,800"
30253,Mcdonough,Henry County,"64,779"
30022,Alpharetta,Fulton County,"64,546"
30016,Covington,Newton County,"62,968"
30083,Stone Mountain,DeKalb County,"62,724"
30058,Lithonia,DeKalb County,"62,614"
30101,Acworth,Cobb County,"62,593"
30331,Atlanta,Fulton County,"62,567"
30114,Canton,Cherokee County,"62,391"
30062,Marietta,Cobb County,"62,284"
30066,Marietta,Cobb County,"61,761"
30263,Newnan,Coweta County,"61,695"
30906,Augusta,Richmond County,"60,423"
30519,Buford,Gwinnett County,"59,997"
30144,Kennesaw,Cobb County,"59,661"
30318,Atlanta,Fulton County,"59,609"
31907,Columbus,Muscogee County,"59,110"
31088,Warner Robins,Houston County,"58,585"
30518,Buford,Gwinnett County,"57,912"
31419,Savannah,Chatham County,"57,077"
30075,Roswell,Fulton County,"56,263"
30809,Evans,Columbia County,"54,743"
30115,Canton,Cherokee County,"53,687"
30157,Dallas,Paulding County,"53,445"
30132,Dallas,Paulding County,"53,348"
30080,Smyrna,Cobb County,"53,316"
30721,Dalton,Whitfield County,"53,060"
30039,Snellville,Gwinnett County,"52,783"
30813,Grovetown,Columbia County,"52,466"
30228,Hampton,Henry County,"52,402"
30064,Marietta,Cobb County,"52,125"
30019,Dacula,Gwinnett County,"51,162"
30213,Fairburn,Fulton County,"50,621"
30236,Jonesboro,Clayton County,"50,089"
30458,Statesboro,Bulloch County,"49,717"
30252,Mcdonough,Henry County,"49,554"
30680,Winder,Barrow County,"48,388"
30606,Athens,Clarke County,"47,865"
30134,Douglasville,Douglas County,"47,580"
30067,Marietta,Cobb County,"47,271"
30907,Augusta,Columbia County,"46,975"
30097,Duluth,Fulton County,"46,876"
30909,Augusta,Richmond County,"46,501"
30093,Norcross,Gwinnett County,"46,410"
30076,Roswell,Fulton County,"46,054"
30319,Atlanta,DeKalb County,"45,985"
30506,Gainesville,Hall County,"45,612"
30102,Acworth,Cherokee County,"45,319"
30045,Lawrenceville,Gwinnett County,"44,993"
30152,Kennesaw,Cobb County,"44,977"
30120,Cartersville,Bartow County,"44,896"
30701,Calhoun,Gordon County,"44,691"
30736,Ringgold,Catoosa County,"44,499"
30815,Hephzibah,Richmond County,"44,109"
30038,Lithonia,DeKalb County,"43,776"
30238,Jonesboro,Clayton County,"43,191"
30180,Villa Rica,Carroll County,"43,013"
30165,Rome,Floyd County,"43,001"
30032,Decatur,DeKalb County,"42,948"
31313,Hinesville,Liberty County,"42,838"
30294,Ellenwood,DeKalb County,"41,983"
30046,Lawrenceville,Gwinnett County,"41,850"
30034,Decatur,DeKalb County,"41,847"
30005,Alpharetta,Fulton County,"41,836"
30126,Mableton,Cobb County,"41,829"
31061,Milledgeville,Baldwin County,"41,764"
30078,Snellville,Gwinnett County,"41,597"
30605,Athens,Clarke County,"41,544"
30014,Covington,Newton County,"41,425"
31405,Savannah,Chatham County,"40,764"
30269,Peachtree City,Fayette County,"40,534"
30215,Fayetteville,Fayette County,"40,476"
30265,Newnan,Coweta County,"39,942"
30189,Woodstock,Cherokee County,"39,928"
30117,Carrollton,Carroll County,"39,804"
30328,Atlanta,Fulton County,"39,508"
30338,Atlanta,DeKalb County,"39,465"
31909,Columbus,Muscogee County,"39,364"
30087,Stone Mountain,DeKalb County,"38,977"
30542,Flowery Branch,Hall County,"38,605"
30060,Marietta,Cobb County,"38,499"
30028,Cumming,Forsyth County,"38,433"
30223,Griffin,Spalding County,"38,262"
30084,Tucker,DeKalb County,"38,242"
31324,Richmond Hill,Bryan County,"37,406"
30092,Peachtree Corners,Gwinnett County,"36,992"
30248,Locust Grove,Henry County,"36,038"
30341,Atlanta,DeKalb County,"36,021"
31602,Valdosta,Lowndes County,"35,728"
30008,Marietta,Cobb County,"35,547"
30344,Atlanta,Fulton County,"35,456"
31904,Columbus,Muscogee County,"35,405"
30339,Atlanta,Cobb County,"35,372"
30350,Atlanta,Fulton County,"35,170"
30316,Atlanta,DeKalb County,"35,107"
30311,Atlanta,Fulton County,"34,953"
31406,Savannah,Chatham County,"34,904"
30161,Rome,Floyd County,"34,705"
30012,Conyers,Rockdale County,"34,506"
30534,Dawsonville,Dawson County,"34,365"
30315,Atlanta,Fulton County,"34,264"
30274,Riverdale,Clayton County,"34,081"
30068,Marietta,Cobb County,"33,882"
30094,Conyers,Rockdale County,"33,731"
30705,Chatsworth,Murray County,"33,726"
30342,Atlanta,Fulton County,"33,349"
31210,Macon,Bibb County,"33,288"
30507,Gainesville,Hall County,"33,009"
30309,Atlanta,Fulton County,"32,479"
31204,Macon,Bibb County,"32,421"
30501,Gainesville,Hall County,"32,258"
30549,Jefferson,Jackson County,"32,075"
30214,Fayetteville,Fayette County,"31,811"
30030,Decatur,DeKalb County,"31,756"
30033,Decatur,DeKalb County,"31,310"
31601,Valdosta,Lowndes County,"31,302"
30240,Lagrange,Troup County,"31,271"
31705,Albany,Dougherty County,"30,791"
31322,Pooler,Chatham County,"30,145"
30340,Atlanta,DeKalb County,"30,062"
31404,Savannah,Chatham County,"30,062"
30741,Rossville,Walker County,"30,041"
30655,Monroe,Walton County,"29,785"
30504,Gainesville,Hall County,"29,422"
31763,Leesburg,Lee County,"29,271"
30088,Stone Mountain,DeKalb County,"29,240"
30297,Forest Park,Clayton County,"29,210"
30324,Atlanta,Fulton County,"29,073"
31525,Brunswick,Glynn County,"28,926"
30260,Morrow,Clayton County,"28,693"
30224,Griffin,Spalding County,"28,414"
30013,Conyers,Rockdale County,"28,297"
31021,Dublin,Laurens County,"28,190"
30305,Atlanta,Fulton County,"28,110"
30533,Dahlonega,Lumpkin County,"28,049"
30021,Clarkston,DeKalb County,"27,781"
30082,Smyrna,Cobb County,"27,296"
30329,Atlanta,DeKalb County,"27,278"
30720,Dalton,Whitfield County,"27,249"
30141,Hiram,Paulding County,"27,220"
30310,Atlanta,Fulton County,"27,186"
30296,Riverdale,Clayton County,"27,045"
30122,Lithia Springs,Douglas County,"27,036"
30312,Atlanta,Fulton County,"26,942"
31093,Warner Robins,Houston County,"26,872"
30017,Grayson,Gwinnett County,"26,620"
30168,Austell,Cobb County,"26,612"
30143,Jasper,Pickens County,"26,604"
30548,Hoschton,Jackson County,"26,232"
31794,Tifton,Tift County,"26,178"
31312,Guyton,Effingham County,"25,991"
30121,Cartersville,Bartow County,"25,989"
30601,Athens,Clarke County,"25,899"
30241,Lagrange,Troup County,"25,840"
30071,Norcross,Gwinnett County,"25,830"
30291,Union City,Fulton County,"25,130"
30512,Blairsville,Union County,"24,929"
31407,Port Wentworth,Chatham County,"24,893"
31605,Valdosta,Lowndes County,"24,829"
30233,Jackson,Butts County,"24,730"
30286,Thomaston,Upson County,"24,726"
30345,Atlanta,DeKalb County,"24,492"
30125,Cedartown,Polk County,"24,324"
31206,Macon,Bibb County,"24,310"
30306,Atlanta,Fulton County,"24,236"
30528,Cleveland,White County,"24,081"
31548,Kingsland,Camden County,"24,070"
31326,Rincon,Effingham County,"23,940"
30327,Atlanta,Fulton County,"23,673"
30904,Augusta,Richmond County,"23,400"
30314,Atlanta,Fulton County,"23,333"
30308,Atlanta,Fulton County,"23,181"
30106,Austell,Cobb County,"23,107"
30577,Toccoa,Stephens County,"22,964"
31792,Thomasville,Thomas County,"22,962"
31069,Perry,Houston County,"22,953"
31707,Albany,Dougherty County,"22,679"
30677,Watkinsville,Oconee County,"22,616"
31008,Byron,Peach County,"22,602"
31558,Saint Marys,Camden County,"22,591"
31503,Waycross,Ware County,"22,468"
31520,Brunswick,Glynn County,"22,313"
31410,Savannah,Chatham County,"22,214"
30116,Carrollton,Carroll County,"22,189"
31005,Bonaire,Houston County,"22,063"
31768,Moultrie,Colquitt County,"21,903"
30307,Atlanta,DeKalb County,"21,709"
30277,Sharpsburg,Coweta County,"21,641"
30011,Auburn,Barrow County,"21,624"
31024,Eatonton,Putnam County,"21,601"
30035,Decatur,DeKalb County,"21,569"
30009,Alpharetta,Fulton County,"21,095"
31903,Columbus,Muscogee County,"20,644"
30540,Ellijay,Gilmer County,"20,582"
31401,Savannah,Chatham County,"20,445"
31906,Columbus,Muscogee County,"20,400"
31047,Kathleen,Houston County,"20,203"
30276,Senoia,Coweta County,"19,945"
30179,Temple,Carroll County,"19,882"
31721,Albany,Dougherty County,"19,435"
31029,Forsyth,Monroe County,"19,403"
30107,Ball Ground,Cherokee County,"19,134"
30517,Braselton,Jackson County,"18,994"
30728,La Fayette,Walker County,"18,790"
31015,Cordele,Crisp County,"18,714"
30656,Monroe,Walton County,"18,650"
31750,Fitzgerald,Ben Hill County,"18,552"
30153,Rockmart,Polk County,"18,467"
30620,Bethlehem,Barrow County,"18,139"
30273,Rex,Clayton County,"17,844"
31522,Saint Simons Island,Glynn County,"17,780"
31217,Macon,Jones County,"17,732"
31030,Fort Valley,Peach County,"17,473"
30461,Statesboro,Bulloch County,"17,447"
30824,Thomson,McDuffie County,"17,327"
30474,Vidalia,Toombs County,"17,315"
30643,Hartwell,Hart County,"17,215"
31533,Douglas,Coffee County,"17,032"
30360,Atlanta,DeKalb County,"16,855"
30707,Chickamauga,Walker County,"16,686"
31545,Jesup,Wayne County,"16,568"
31220,Macon,Bibb County,"16,494"
30901,Augusta,Richmond County,"16,484"
31513,Baxley,Appling County,"16,371"
31216,Macon,Bibb County,"16,328"
30354,Atlanta,Fulton County,"16,182"
31701,Albany,Dougherty County,"16,135"
31632,Hahira,Lowndes County,"15,942"
31211,Macon,Jones County,"15,868"
30635,Elberton,Elbert County,"15,640"
31516,Blackshear,Pierce County,"15,623"
30317,Atlanta,DeKalb County,"15,622"
31709,Americus,Sumter County,"15,529"
39828,Cairo,Grady County,"15,423"
31523,Brunswick,Glynn County,"15,402"
30642,Greensboro,Greene County,"15,343"
30830,Waynesboro,Burke County,"15,313"
31905,Fort Moore,Chattahoochee County,"15,157"
30110,Bremen,Haralson County,"14,832"
30103,Adairsville,Bartow County,"14,612"
30747,Summerville,Chattooga County,"14,435"
31539,Hazlehurst,Jeff Davis County,"14,201"
31032,Gray,Jones County,"14,173"
30650,Madison,Morgan County,"14,056"
30523,Clarkesville,Habersham County,"14,050"
30401,Swainsboro,Emanuel County,"14,032"
31820,Midland,Muscogee County,"14,005"
31023,Eastman,Dodge County,"13,964"
31316,Ludowici,Long County,"13,812"
30204,Barnesville,Lamar County,"13,616"
31501,Waycross,Ware County,"13,511"
31535,Douglas,Coffee County,"13,463"
30529,Commerce,Jackson County,"12,874"
31014,Cochran,Bleckley County,"12,769"
30427,Glennville,Tattnall County,"12,531"
39819,Bainbridge,Decatur County,"12,140"
30531,Cornelia,Habersham County,"11,819"
30513,Blue Ridge,Fannin County,"11,791"
30436,Lyons,Toombs County,"11,704"
31408,Savannah,Chatham County,"11,621"
30467,Sylvania,Screven County,"11,474"
31757,Thomasville,Thomas County,"11,340"
31788,Moultrie,Colquitt County,"11,301"
30622,Bogart,Oconee County,"11,280"
31791,Sylvester,Worth County,"11,255"
30025,Social Circle,Walton County,"11,182"
39817,Bainbridge,Decatur County,"11,158"
30417,Claxton,Evans County,"11,154"
31415,Savannah,Chatham County,"11,082"
31639,Nashville,Berrien County,"11,059"
31620,Adel,Cook County,"10,969"
31036,Hawkinsville,Pulaski County,"10,960"
30313,Atlanta,Fulton County,"10,913"
30268,Palmetto,Fulton County,"10,874"
31320,Midway,Liberty County,"10,794"
30054,Oxford,Newton County,"10,730"
30607,Athens,Jackson County,"10,700"
30337,Atlanta,Fulton County,"10,694"
31027,East Dublin,Laurens County,"10,684"
30814,Harlem,Columbia County,"10,682"
31636,Lake Park,Echols County,"10,619"
30666,Statham,Barrow County,"10,585"
31793,Tifton,Tift County,"10,585"
31064,Monticello,Jasper County,"10,259"
30439,Metter,Candler County,"10,240"
31082,Sandersville,Washington County,"10,236"
30755,Tunnel Hill,Whitfield County,"9,813"
31643,Quitman,Brooks County,"9,693"
31510,Alma,Bacon County,"9,685"
31329,Springfield,Effingham County,"9,609"
30752,Trenton,Dade County,"9,527"
30566,Oakwood,Hall County,"9,447"
30536,Ellijay,Gilmer County,"9,398"
31411,Savannah,Chatham County,"9,390"
31537,Folkston,Charlton County,"9,349"
30290,Tyrone,Fayette County,"9,318"
30217,Franklin,Heard County,"9,309"
30633,Danielsville,Madison County,"9,033"
39823,Blakely,Early County,"9,012"
31052,Lizella,Bibb County,"9,001"
30145,Kingston,Bartow County,"8,994"
30554,Lula,Hall County,"8,980"
31302,Bloomingdale,Chatham County,"8,899"
31808,Fortson,Harris County,"8,893"
31087,Sparta,Hancock County,"8,846"
30230,Hogansville,Troup County,"8,778"
31730,Camilla,Mitchell County,"8,717"
30535,Demorest,Habersham County,"8,674"
31779,Pelham,Mitchell County,"8,599"
30510,Alto,Banks County,"8,558"
30553,Lavonia,Franklin County,"8,557"
30740,Rocky Face,Whitfield County,"8,556"
30442,Millen,Jenkins County,"8,550"
39845,Donalsonville,Seminole County,"8,535"
31719,Americus,Sumter County,"8,533"
30453,Reidsville,Tattnall County,"8,506"
30646,Hull,Madison County,"8,460"
31308,Ellabell,Bryan County,"8,416"
30326,Atlanta,Fulton County,"8,234"
30753,Trion,Chattooga County,"8,177"
30187,Winston,Douglas County,"8,137"
30288,Conley,DeKalb County,"8,116"
30546,Hiawassee,Towns County,"8,096"
30662,Royston,Franklin County,"7,950"
31201,Macon,Bibb County,"7,891"
39842,Dawson,Terrell County,"7,831"
30742,Fort Oglethorpe,Catoosa County,"7,745"
31315,Fort Stewart,Liberty County,"7,580"
30817,Lincolnton,Lincoln County,"7,560"
31554,Nicholls,Coffee County,"7,393"
30710,Cohutta,Whitfield County,"7,360"
31321,Pembroke,Bryan County,"7,305"
30683,Winterville,Oglethorpe County,"7,298"
30530,Commerce,Banks County,"7,260"
31096,Wrightsville,Johnson County,"7,145"
31546,Jesup,Wayne County,"7,097"
30184,White,Bartow County,"7,093"
30525,Clayton,Rabun County,"7,059"
31771,Norman Park,Colquitt County,"7,059"
30176,Tallapoosa,Haralson County,"7,057"
30905,Augusta,Richmond County,"7,033"
30173,Silver Creek,Floyd County,"7,010"
31031,Gordon,Wilkinson County,"6,948"
31833,West Point,Harris County,"6,815"
30303,Atlanta,Fulton County,"6,797"
31635,Lakeland,Lanier County,"6,787"
30521,Carnesville,Franklin County,"6,773"
30108,Bowdon,Carroll County,"6,751"
30739,Rock Spring,Walker County,"6,746"
31028,Centerville,Houston County,"6,645"
30628,Colbert,Madison County,"6,624"
30802,Appling,Columbia County,"6,582"
30673,Washington,Wilkes County,"6,394"
30292,Williamson,Pike County,"6,384"
30415,Brooklet,Bulloch County,"6,343"
31804,Cataula,Harris County,"6,318"
30563,Mount Airy,Habersham County,"6,310"
30183,Waleska,Cherokee County,"6,288"
30543,Gillsville,Hall County,"6,238"
30735,Resaca,Gordon County,"6,175"
30621,Bishop,Oconee County,"6,148"
30113,Buchanan,Haralson County,"6,103"
31331,Townsend,McIntosh County,"6,101"
30175,Talking Rock,Pickens County,"6,088"
31811,Hamilton,Harris County,"6,052"
31714,Ashburn,Turner County,"5,975"
31774,Ocilla,Irwin County,"5,896"
31901,Columbus,Muscogee County,"5,841"
30457,Soperton,Treutlen County,"5,580"
30295,Zebulon,Pike County,"5,567"
39837,Colquitt,Miller County,"5,549"
30558,Maysville,Jackson County,"5,524"
31569,Woodbine,Camden County,"5,506"
30567,Pendergrass,Jackson County,"5,487"
30104,Aragon,Polk County,"5,484"
31822,Pine Mountain,Harris County,"5,403"
31553,Nahunta,Brantley County,"5,386"
30220,Grantville,Coweta County,"5,366"
30629,Comer,Madison County,"5,335"
30725,Flintstone,Walker County,"5,304"
30582,Young Harris,Towns County,"5,284"
30002,Avondale Estates,DeKalb County,"5,225"
31634,Homerville,Clinch County,"5,133"
31305,Darien,McIntosh County,"5,108"
30559,Mineral Bluff,Fannin County,"5,024"
31092,Vienna,Dooly County,"5,014"
30564,Murrayville,Hall County,"5,001"
31645,Ray City,Berrien County,"4,988"
30520,Canon,Hart County,"4,974"
31543,Hortense,Brantley County,"4,935"
31301,Allenhurst,Liberty County,"4,933"
30434,Louisville,Jefferson County,"4,883"
30139,Fairmount,Gordon County,"4,849"
30079,Scottdale,DeKalb County,"4,831"
30565,Nicholson,Jackson County,"4,830"
31816,Manchester,Meriwether County,"4,824"
30222,Greenville,Meriwether County,"4,797"
30557,Martin,Franklin County,"4,756"
39827,Cairo,Grady County,"4,730"
30471,Twin City,Emanuel County,"4,718"
30147,Lindale,Floyd County,"4,657"
30411,Alamo,Wheeler County,"4,650"
31642,Pearson,Atkinson County,"4,617"
30185,Whitesburg,Carroll County,"4,602"
30257,Milner,Lamar County,"4,588"
31803,Buena Vista,Marion County,"4,499"
31001,Abbeville,Wilcox County,"4,471"
39840,Cuthbert,Randolph County,"4,469"
31055,McRae Helena,Telfair County,"4,468"
31831,Waverly Hall,Harris County,"4,446"
30178,Taylorsville,Bartow County,"4,442"
30346,Atlanta,DeKalb County,"4,411"
31068,Oglethorpe,Macon County,"4,377"
30560,Morganton,Fannin County,"4,295"
31063,Montezuma,Macon County,"4,266"
31089,Tennille,Washington County,"4,239"
31091,Unadilla,Dooly County,"4,204"
31806,Ellaville,Schley County,"4,135"
30750,Lookout Mountain,Walker County,"4,130"
30808,Dearing,McDuffie County,"4,127"
30571,Sautee Nacoochee,White County,"4,088"
30527,Clermont,Hall County,"3,995"
31566,Waynesville,Brantley County,"3,987"
31006,Butler,Taylor County,"3,984"
31773,Ochlocknee,Thomas County,"3,981"
30833,Wrens,Jefferson County,"3,955"
30259,Moreland,Coweta County,"3,951"
30182,Waco,Carroll County,"3,849"
31037,McRae Helena,Telfair County,"3,828"
30055,Mansfield,Newton County,"3,800"
30547,Homer,Banks County,"3,767"
31606,Valdosta,Lowndes County,"3,734"
30170,Roopville,Carroll County,"3,732"
30663,Rutledge,Morgan County,"3,697"
31557,Patterson,Pierce County,"3,687"
31046,Juliette,Monroe County,"3,637"
31562,Saint George,Charlton County,"3,620"
30648,Lexington,Oglethorpe County,"3,543"
30363,Atlanta,Fulton County,"3,523"
39897,Whigham,Grady County,"3,507"
30828,Warrenton,Warren County,"3,426"
30738,Rising Fawn,Dade County,"3,424"
30445,Mount Vernon,Montgomery County,"3,389"
30576,Tiger,Rabun County,"3,380"
31328,Tybee Island,Chatham County,"3,353"
30206,Concord,Pike County,"3,312"
30609,Athens,Clarke County,"3,310"
30669,Union Point,Greene County,"3,285"
30421,Collins,Tattnall County,"3,280"
30624,Bowman,Elbert County,"3,280"
30171,Rydal,Bartow County,"3,254"
30216,Flovilla,Butts County,"3,239"
30711,Crandall,Murray County,"3,235"
31637,Lenox,Cook County,"3,217"
31078,Roberta,Crawford County,"3,199"
31019,Dexter,Laurens County,"3,154"
30511,Baldwin,Banks County,"3,151"
31098,Warner Robins,Houston County,"3,140"
31519,Broxton,Coffee County,"3,126"
31044,Jeffersonville,Twiggs County,"3,082"
30538,Eastanollee,Stephens County,"3,081"
31647,Sparks,Cook County,"3,071"
31626,Boston,Thomas County,"3,020"
31801,Box Springs,Marion County,"3,015"
31825,Richland,Stewart County,"2,986"
31076,Reynolds,Taylor County,"2,968"
31002,Adrian,Emanuel County,"2,967"
31555,Odum,Wayne County,"2,926"
31778,Pavo,Brooks County,"2,895"
31775,Omega,Colquitt County,"2,894"
30205,Brooks,Fayette County,"2,880"
31560,Screven,Wayne County,"2,852"
31744,Doerun,Worth County,"2,849"
30256,Meansville,Pike County,"2,838"
31018,Davisboro,Washington County,"2,827"
30734,Ranger,Gordon County,"2,803"
31012,Chester,Dodge County,"2,802"
31738,Coolidge,Thomas County,"2,798"
31815,Lumpkin,Stewart County,"2,792"
31033,Haddock,Jones County,"2,755"
31765,Meigs,Mitchell County,"2,751"
31807,Ellerslie,Harris County,"2,704"
30477,Wadley,Jefferson County,"2,697"
31650,Willacoochee,Atkinson County,"2,676"
30428,Glenwood,Wheeler County,"2,659"
31790,Sycamore,Turner County,"2,643"
31542,Hoboken,Brantley County,"2,635"
30450,Portal,Bulloch County,"2,632"
30625,Buckhead,Morgan County,"2,617"
30258,Molena,Pike County,"2,611"
30555,McCaysville,Fannin County,"2,607"
30630,Crawford,Oglethorpe County,"2,607"
31303,Clyo,Effingham County,"2,604"
30124,Cave Spring,Floyd County,"2,588"
30805,Blythe,Richmond County,"2,585"
30332,Atlanta,Fulton County,"2,567"
31749,Enigma,Berrien County,"2,557"
31826,Shiloh,Harris County,"2,552"
30322,Atlanta,DeKalb County,"2,521"
31079,Rochelle,Wilcox County,"2,520"
30733,Plainville,Gordon County,"2,509"
31716,Baconton,Mitchell County,"2,481"
30731,Menlo,Chattooga County,"2,479"
30627,Carlton,Oglethorpe County,"2,470"
30251,Luthersville,Meriwether County,"2,450"
39854,Georgetown,Quitman County,"2,436"
30473,Uvalda,Toombs County,"2,415"
31565,Waverly,Camden County,"2,409"
30541,Epworth,Fannin County,"2,393"
31075,Rentz,Laurens County,"2,384"
30730,Lyerly,Chattooga County,"2,381"
30056,Newborn,Jasper County,"2,344"
30668,Tignall,Wilkes County,"2,275"
39834,Climax,Decatur County,"2,251"
30816,Keysville,Burke County,"2,208"
30810,Gibson,Glascock County,"2,198"
30105,Armuchee,Floyd County,"2,187"
31830,Warm Springs,Meriwether County,"2,176"
31781,Poulan,Worth County,"2,174"
30446,Newington,Screven County,"2,162"
30234,Jenkinsburg,Butts County,"2,157"
30568,Rabun Gap,Rabun County,"2,133"
30293,Woodbury,Meriwether County,"2,129"
31314,Fort Stewart,Liberty County,"2,122"
39851,Fort Gaines,Clay County,"2,080"
39866,Morgan,Calhoun County,"2,048"
31512,Ambrose,Coffee County,"2,032"
31060,Milan,Telfair County,"1,988"
30634,Dewy Rose,Elbert County,"1,982"
31058,Mauk,Taylor County,"1,929"
31624,Axson,Atkinson County,"1,913"
30441,Midville,Emanuel County,"1,910"
30420,Cobbtown,Candler County,"1,890"
31016,Culloden,Monroe County,"1,885"
30552,Lakemont,Rabun County,"1,882"
31622,Alapaha,Berrien County,"1,844"
30516,Bowersville,Hart County,"1,837"
31805,Cusseta,Chattahoochee County,"1,833"
39846,Edison,Calhoun County,"1,828"
31764,Leslie,Sumter County,"1,827"
30631,Crawfordville,Taliaferro County,"1,820"
31022,Dudley,Laurens County,"1,817"
31077,Rhine,Dodge County,"1,811"
31549,Lumber City,Telfair County,"1,803"
39870,Newton,Baker County,"1,794"
30149,Mount Berry,Floyd County,"1,781"
31780,Plains,Sumter County,"1,767"
39825,Brinson,Decatur County,"1,766"
39813,Arlington,Calhoun County,"1,758"
31057,Marshallville,Macon County,"1,757"
31307,Eden,Effingham County,"1,752"
30456,Sardis,Burke County,"1,745"
31641,Naylor,Lowndes County,"1,741"
30619,Arnoldsville,Oglethorpe County,"1,737"
31085,Shady Dale,Jasper County,"1,734"
30137,Emerson,Bartow County,"1,709"
31783,Rebecca,Turner County,"1,707"
31829,Upatoi,Muscogee County,"1,699"
30641,Good Hope,Walton County,"1,685"
30823,Stapleton,Jefferson County,"1,675"
39815,Attapulgus,Decatur County,"1,637"
31020,Dry Branch,Twiggs County,"1,617"
31042,Irwinton,Wilkinson County,"1,600"
30218,Gay,Meriwether County,"1,597"
31795,Ty Ty,Worth County,"1,591"
31827,Talbotton,Talbot County,"1,590"
30575,Talmo,Jackson County,"1,589"
30757,Wildwood,Dade County,"1,589"
31756,Hartsfield,Colquitt County,"1,565"
31049,Kite,Johnson County,"1,557"
30410,Ailey,Montgomery County,"1,535"
30746,Sugar Valley,Gordon County,"1,483"
31065,Montrose,Laurens County,"1,481"
31207,Macon,Bibb County,"1,479"
31789,Sumner,Worth County,"1,470"
30602,Athens,Clarke County,"1,467"
30118,Carrollton,Carroll County,"1,432"
31547,Kings Bay,Camden County,"1,419"
30425,Garfield,Emanuel County,"1,408"
30537,Dillard,Rabun County,"1,406"
31025,Elko,Houston County,"1,387"
39886,Shellman,Randolph County,"1,386"
31017,Danville,Wilkinson County,"1,382"
31733,Chula,Irwin County,"1,373"
31097,Yatesville,Upson County,"1,372"
31323,Riceboro,Liberty County,"1,364"
30413,Bartow,Jefferson County,"1,362"
31050,Knoxville,Crawford County,"1,305"
31712,Arabi,Crisp County,"1,295"
30597,Dahlonega,Lumpkin County,"1,278"
31009,Cadwell,Laurens County,"1,276"
30678,White Plains,Greene County,"1,271"
31629,Dixie,Brooks County,"1,267"
31035,Harrison,Washington County,"1,258"
31563,Surrency,Appling County,"1,196"
31054,McIntyre,Wilkinson County,"1,188"
30452,Register,Bulloch County,"1,161"
31787,Smithville,Lee County,"1,122"
30820,Mitchell,Glascock County,"1,104"
30821,Norwood,Warren County,"1,096"
31698,Valdosta,Lowndes County,"1,096"
31824,Preston,Webster County,"1,066"
31599,Jesup,Wayne County,"1,058"
31648,Statenville,Echols County,"1,052"
31649,Stockton,Lanier County,"1,051"
31072,Pitts,Wilcox County,"1,049"
31796,Warwick,Worth County,"1,048"
31071,Pineview,Pulaski County,"1,042"
31567,West Green,Coffee County,"1,042"
30660,Rayle,Wilkes County,"1,040"
31551,Mershon,Pierce County,"1,010"
31836,Woodland,Talbot County,"1,009"
31638,Morven,Brooks County,985
30803,Avera,Jefferson County,980
39859,Iron City,Seminole County,980
30148,Marble Hill,Dawson County,973
31041,Ideal,Macon County,967
31625,Barney,Brooks County,915
30572,Suches,Union County,912
31070,Pinehurst,Dooly County,897
31007,Byromville,Dooly County,887
31550,Manor,Ware County,880
39862,Leary,Calhoun County,875
39861,Jakin,Early County,873
31711,Andersonville,Sumter County,871
30562,Mountain City,Rabun County,866
31630,Du Pont,Clinch County,840
30455,Rocky Ford,Screven County,835
30667,Stephens,Oglethorpe County,834
31094,Warthen,Washington County,817
31066,Musella,Crawford County,803
31532,Denton,Jeff Davis County,802
30072,Pine Lake,DeKalb County,800
31518,Bristol,Appling County,793
30177,Tate,Pickens County,784
31527,Jekyll Island,Glynn County,769
31568,White Oak,Camden County,719
31090,Toomsboro,Wilkinson County,715
30522,Cherry Log,Gilmer County,713
31552,Millwood,Ware County,707
30426,Girard,Burke County,703
30545,Helen,White County,683
39841,Damascus,Early County,682
31038,Hillsboro,Jones County,660
31798,Wray,Irwin County,647
30470,Tarrytown,Montgomery County,640
31699,Moody Afb,Lowndes County,620
30250,Lovejoy,Clayton County,607
30285,The Rock,Upson County,589
31631,Fargo,Echols County,575
31623,Argyle,Clinch County,553
31735,Cobb,Sumter County,543
31823,Pine Mountain Valley,Harris County,519
30336,Atlanta,Fulton County,514
39826,Bronwood,Terrell County,500
31011,Chauncey,Dodge County,497
31722,Berlin,Colquitt County,493
31812,Junction City,Talbot County,484
31309,Fleming,Liberty County,480
39824,Bluffton,Clay County,480
31318,Meldrim,Effingham County,451
31784,Sale City,Mitchell County,451
31409,Savannah,Chatham County,444
30289,Turin,Coweta County,434
31772,Oakfield,Worth County,431
31544,Jacksonville,Telfair County,426
31743,De Soto,Lee County,419
31720,Barwick,Brooks County,398
39877,Parrott,Terrell County,393
39836,Coleman,Randolph County,368
30454,Rockledge,Laurens County,348
30751,Tennga,Murray County,335
31067,Oconee,Washington County,300
31627,Cecil,Cook County,287
30708,Cisco,Murray County,285
30818,Matthews,Jefferson County,274
31747,Ellenton,Colquitt County,258
30275,Sargent,Coweta County,238
31081,Rupert,Taylor County,203
31083,Scotland,Telfair County,187
31704,Albany,Dougherty County,187
30807,Camak,Warren County,186
31810,Geneva,Talbot County,175
31003,Allentown,Wilkinson County,174
30573,Tallulah Falls,Rabun County,162
30464,Stillmore,Emanuel County,152
30812,Gracewood,Richmond County,136
39867,Morris,Quitman County,127
31051,Lilly,Dooly County,122
30665,Siloam,Greene County,117
30539,East Ellijay,Gilmer County,115
31821,Omaha,Stewart County,112
31333,Walthourville,Liberty County,110
30018,Jersey,Walton County,104
30429,Hagan,Evans County,102
30412,Alston,Montgomery County,97
31561,Sea Island,Glynn County,96
30623,Bostwick,Morgan County,74
31832,Weston,Webster County,67
30598,Toccoa Falls,Stephens County,66
30070,Porterdale,Newton County,64
30423,Daisy,Evans County,56
31039,Howard,Taylor County,54
30414,Bellville,Evans County,50
31045,Jewell,Hancock County,42
30229,Haralson,Coweta County,41
30639,Franklin Springs,Franklin County,36
30451,Pulaski,Candler County,35
31753,Funston,Colquitt County,35
31062,Milledgeville,Baldwin County,27
39885,Sasser,Terrell County,25
30448,Nunez,Emanuel County,21
31556,Offerman,Pierce County,20
30449,Oliver,Screven County,18
30724,Eton,Murray County,18
30581,Wiley,Rabun County,17
31421,Savannah,Chatham County,16
31034,Hardwick,Baldwin County,10
31814,Louvale,Stewart County,10
30284,Sunny Side,Spalding County,6
30664,Sharon,Taliaferro County,2
30090,Marietta,Cobb County,0
30111,Clarkdale,Cobb County,0
30272,Red Oak,Fulton County,0
30334,Atlanta,Fulton County,0
30460,Statesboro,Bulloch County,0
30726,Graysville,Catoosa County,0
30756,Varnell,Whitfield County,0
30822,Perkins,Jenkins County,0
30912,Augusta,Richmond County,0
31004,Bolingbroke,Monroe County,0
31084,Seville,Wilcox County,0
31213,Macon,Bibb County,0
31327,Sapelo Island,McIntosh County,0
31524,Brunswick,Glynn County,0
31564,Waresboro,Ware County,0
31727,Brookfield,Tift County,0
39832,Cedar Springs,Early County,0
