name,population,zcta
Loudoun County,37639,20105
Rappahannock County,4297,20106
Prince William County,45444,20109
Manassas city,49890,20110
Prince William County,38124,20111
Prince William County,30500,20112
Fauquier County,8173,20115
Loudoun County,2790,20117
Fauquier County,3416,20119
Fairfax County,42896,20120
Fairfax County,27788,20121
Fairfax County,14375,20124
Loudoun County,538,20129
Clarke County,271,20130
Loudoun County,19817,20132
Clarke County,3585,20135
Prince William County,32325,20136
Fauquier County,1938,20137
Loudoun County,8359,20141
Prince William County,1070,20143
Fauquier County,1340,20144
Loudoun County,67692,20147
Loudoun County,64021,20148
Fairfax County,22610,20151
Loudoun County,36674,20152
Prince William County,37486,20155
Loudoun County,4979,20158
Loudoun County,43436,20164
Loudoun County,34088,20165
Loudoun County,14949,20166
Prince William County,28089,20169
Fairfax County,43866,20170
Fairfax County,51286,20171
Loudoun County,34733,20175
Loudoun County,51471,20176
Loudoun County,7531,20180
Prince William County,10774,20181
Loudoun County,635,20184
Fauquier County,15703,20186
Fauquier County,18980,20187
Fairfax County,22012,20190
Fairfax County,31011,20191
Fairfax County,12275,20194
Loudoun County,1825,20197
Fauquier County,2251,20198
Fairfax County,57755,22003
Fairfax County,44647,22015
Prince William County,19356,22025
Prince William County,22897,22026
Fairfax County,1939,22027
Fairfax County,61332,22030
Fairfax County,37276,22031
Fairfax County,29240,22032
Fairfax County,39526,22033
Fairfax County,0,22035
Fairfax County,19626,22039
Fairfax County,29183,22041
Fairfax County,35483,22042
Fairfax County,25750,22043
Fairfax County,13996,22044
Falls Church city,18169,22046
Fairfax County,10641,22060
Fairfax County,17185,22066
Fairfax County,35284,22079
Fairfax County,30953,22101
Fairfax County,29184,22102
Fairfax County,18091,22124
Prince William County,681,22125
Stafford County,8310,22134
Fairfax County,27955,22150
Fairfax County,17017,22151
Fairfax County,28814,22152
Fairfax County,32664,22153
Prince William County,11490,22172
Fairfax County,26568,22180
Fairfax County,15760,22181
Fairfax County,27783,22182
Prince William County,73623,22191
Prince William County,59794,22192
Prince William County,81588,22193
Arlington County,37473,22201
Arlington County,27715,22202
Arlington County,26594,22203
Arlington County,51921,22204
Arlington County,17738,22205
Arlington County,20703,22206
Arlington County,35479,22207
Arlington County,14154,22209
Arlington County,947,22211
Arlington County,4021,22213
Arlington County,0,22214
Alexandria city,13665,22301
Alexandria city,18026,22302
Fairfax County,16922,22303
Alexandria city,48613,22304
Alexandria city,17214,22305
Fairfax County,30602,22306
Fairfax County,10343,22307
Fairfax County,14090,22308
Fairfax County,34316,22309
Fairfax County,28136,22310
Alexandria city,19337,22311
Fairfax County,26768,22312
Alexandria city,36612,22314
Fairfax County,30404,22315
Fredericksburg city,28731,22401
Stafford County,36890,22405
Stafford County,27367,22406
Spotsylvania County,65425,22407
Spotsylvania County,31586,22408
Caroline County,4356,22427
Northumberland County,256,22432
Orange County,111,22433
Northumberland County,2215,22435
Essex County,791,22436
King and Queen County,582,22437
Essex County,252,22438
Westmoreland County,10011,22443
King George County,765,22448
Essex County,2290,22454
Richmond County,1757,22460
Westmoreland County,1967,22469
Richmond County,960,22472
Northumberland County,5498,22473
Essex County,224,22476
Lancaster County,898,22480
Northumberland County,3075,22482
King George County,27131,22485
Westmoreland County,1367,22488
Lancaster County,4296,22503
Essex County,227,22504
Orange County,15557,22508
Essex County,74,22509
Northumberland County,1239,22511
Caroline County,2290,22514
Westmoreland County,4740,22520
Westmoreland County,200,22529
Spotsylvania County,3290,22534
Caroline County,460,22535
Caroline County,348,22538
Northumberland County,2074,22539
Orange County,2418,22542
Caroline County,18392,22546
Richmond County,115,22548
Spotsylvania County,24146,22551
Spotsylvania County,17207,22553
Stafford County,65494,22554
Stafford County,31785,22556
Essex County,6612,22560
Orange County,2717,22567
Richmond County,6597,22572
Lancaster County,1427,22576
Lancaster County,2353,22578
Caroline County,5107,22580
Winchester city,29230,22601
Frederick County,32840,22602
Frederick County,17133,22603
Warren County,2113,22610
Clarke County,9276,22611
Clarke County,2825,22620
Rappahannock County,641,22623
Frederick County,3416,22624
Frederick County,3376,22625
Rappahannock County,945,22627
Warren County,35615,22630
Frederick County,1933,22637
Fauquier County,606,22639
Rappahannock County,556,22640
Shenandoah County,165,22641
Warren County,3933,22642
Fauquier County,137,22643
Shenandoah County,2561,22644
Frederick County,4639,22645
Clarke County,0,22646
Page County,1007,22650
Shenandoah County,1625,22652
Frederick County,1040,22654
Frederick County,22687,22655
Frederick County,5360,22656
Shenandoah County,12067,22657
Shenandoah County,1468,22660
Clarke County,1705,22663
Shenandoah County,9293,22664
Culpeper County,38512,22701
Madison County,920,22709
Madison County,139,22711
Fauquier County,9501,22712
Culpeper County,1489,22713
Culpeper County,946,22714
Madison County,1552,22715
Rappahannock County,1200,22716
Culpeper County,826,22718
Madison County,348,22719
Fauquier County,1497,22720
Madison County,448,22722
Madison County,52,22723
Culpeper County,2518,22724
Madison County,99,22725
Culpeper County,660,22726
Madison County,5742,22727
Fauquier County,3752,22728
Culpeper County,1148,22729
Madison County,336,22730
Madison County,70,22731
Madison County,262,22732
Culpeper County,1711,22733
Fauquier County,3918,22734
Madison County,1628,22735
Culpeper County,844,22736
Culpeper County,3465,22737
Madison County,928,22738
Rappahannock County,1179,22740
Culpeper County,421,22741
Fauquier County,1596,22742
Madison County,276,22743
Culpeper County,539,22746
Rappahannock County,967,22747
Rappahannock County,244,22749
Rockingham County,39983,22801
Rockingham County,30374,22802
Harrisonburg city,5347,22807
Shenandoah County,532,22810
Rockingham County,316,22811
Rockingham County,10660,22812
Rockingham County,8465,22815
Rockingham County,118,22820
Rockingham County,6116,22821
Shenandoah County,6596,22824
Rockingham County,10529,22827
Rockingham County,2209,22830
Rockingham County,352,22831
Rockingham County,1136,22832
Rockingham County,956,22834
Page County,11314,22835
Rockingham County,5239,22840
Rockingham County,3090,22841
Shenandoah County,5580,22842
Augusta County,2697,22843
Shenandoah County,4677,22844
Shenandoah County,48,22845
Rockingham County,1496,22846
Shenandoah County,1054,22847
Page County,5170,22849
Rockingham County,1218,22850
Page County,5903,22851
Rockingham County,5214,22853
Albemarle County,37237,22901
Albemarle County,23486,22902
Albemarle County,40372,22903
Albemarle County,5729,22904
Charlottesville city,0,22908
Albemarle County,19107,22911
Nelson County,3608,22920
Nelson County,2226,22922
Albemarle County,6435,22923
Albemarle County,145,22931
Albemarle County,9148,22932
Greene County,575,22935
Albemarle County,6983,22936
Albemarle County,1743,22937
Nelson County,884,22938
Augusta County,6908,22939
Albemarle County,1066,22940
Louisa County,10560,22942
Albemarle County,402,22943
Albemarle County,195,22946
Albemarle County,5256,22947
Madison County,137,22948
Nelson County,1426,22949
Augusta County,1694,22952
Orange County,0,22957
Nelson County,2306,22958
Albemarle County,1923,22959
Orange County,11657,22960
Fluvanna County,16896,22963
Nelson County,99,22964
Nelson County,2413,22967
Greene County,11235,22968
Nelson County,1429,22969
Nelson County,2359,22971
Orange County,290,22972
Greene County,6292,22973
Fluvanna County,5309,22974
Nelson County,149,22976
Augusta County,32965,22980
Madison County,49,22989
Amelia County,10849,23002
Buckingham County,819,23004
Hanover County,19987,23005
King William County,8270,23009
New Kent County,1682,23011
Hanover County,4601,23015
Mathews County,19,23021
Fluvanna County,1006,23022
King and Queen County,482,23023
Louisa County,11233,23024
Mathews County,686,23025
Cumberland County,1612,23027
Charles City County,4470,23030
Middlesex County,109,23032
Mathews County,1495,23035
Goochland County,1471,23038
Goochland County,938,23039
Cumberland County,4640,23040
Middlesex County,1628,23043
Mathews County,25,23045
Hanover County,1381,23047
Mathews County,437,23050
Fluvanna County,1004,23055
Mathews County,175,23056
Hanover County,42522,23059
Henrico County,36497,23060
Gloucester County,23308,23061
Gloucester County,1745,23062
Goochland County,6164,23063
Goochland County,1292,23065
Mathews County,514,23066
Mathews County,333,23068
Hanover County,3425,23069
Middlesex County,616,23070
Middlesex County,1879,23071
Gloucester County,13328,23072
Henrico County,8347,23075
Mathews County,552,23076
Middlesex County,400,23079
James City County,0,23081
Amelia County,2220,23083
Fluvanna County,1652,23084
King and Queen County,393,23085
King William County,3777,23086
New Kent County,4831,23089
King and Queen County,562,23091
Middlesex County,765,23092
Louisa County,14647,23093
Goochland County,3605,23102
Goochland County,6922,23103
King William County,917,23106
King and Queen County,22,23108
Mathews County,2327,23109
King and Queen County,764,23110
Hanover County,38070,23111
Chesterfield County,57016,23112
Chesterfield County,27477,23113
Chesterfield County,21631,23114
Hanover County,34188,23116
Louisa County,10480,23117
Mathews County,284,23119
Chesterfield County,17586,23120
Buckingham County,1995,23123
New Kent County,5147,23124
King and Queen County,410,23126
Mathews County,367,23128
Goochland County,305,23129
Mathews County,94,23130
Mathews County,1198,23138
Powhatan County,27757,23139
New Kent County,7755,23140
New Kent County,7814,23141
Hanover County,3451,23146
Charles City County,22,23147
King and Queen County,1471,23148
Middlesex County,2414,23149
Henrico County,12544,23150
Goochland County,1586,23153
King and Queen County,1158,23156
Powhatan County,1186,23160
King and Queen County,337,23161
Mathews County,78,23163
James City County,9673,23168
Middlesex County,1104,23169
Richmond city,2107,23173
Middlesex County,2053,23175
Middlesex County,677,23176
King and Queen County,608,23177
Middlesex County,479,23180
King William County,5565,23181
James City County,55270,23185
James City County,45803,23188
Hanover County,6629,23192
Richmond city,4062,23219
Richmond city,34671,23220
Richmond city,14402,23221
Henrico County,26322,23222
Henrico County,54659,23223
Richmond city,40575,23224
Richmond city,42771,23225
Richmond city,15477,23226
Henrico County,24925,23227
Henrico County,36527,23228
Henrico County,35689,23229
Henrico County,8910,23230
Henrico County,38544,23231
Henrico County,31582,23233
Chesterfield County,47465,23234
Chesterfield County,33461,23235
Chesterfield County,27903,23236
Chesterfield County,27126,23237
Goochland County,26050,23238
Henrico County,0,23250
Richmond city,2362,23284
Henrico County,20216,23294
Richmond city,98,23298
Accomack County,1804,23301
Accomack County,111,23302
Accomack County,342,23303
Isle of Wight County,45,23304
Accomack County,1729,23306
Northampton County,701,23307
Accomack County,2370,23308
Northampton County,5031,23310
Isle of Wight County,10099,23314
Isle of Wight County,1391,23315
Northampton County,91,23316
Chesapeake city,59108,23320
Chesapeake city,40176,23321
Chesapeake city,66956,23322
Chesapeake city,43043,23323
Chesapeake city,24670,23324
Chesapeake city,19138,23325
Accomack County,3319,23336
Accomack County,666,23337
Northampton County,502,23347
Northampton County,2983,23350
Northampton County,433,23354
Accomack County,1628,23356
Accomack County,890,23357
Accomack County,236,23358
Accomack County,940,23359
Accomack County,92,23389
Accomack County,466,23395
Northampton County,27,23398
Accomack County,288,23401
Northampton County,1237,23405
Accomack County,270,23407
Northampton County,0,23408
Accomack County,109,23409
Accomack County,2305,23410
Northampton County,776,23413
Accomack County,26,23414
Accomack County,2289,23415
Accomack County,96,23416
Accomack County,3827,23417
Accomack County,753,23418
Accomack County,2673,23420
Accomack County,4290,23421
Accomack County,202,23422
Accomack County,219,23423
Accomack County,37,23426
Accomack County,218,23427
Isle of Wight County,19109,23430
Suffolk city,1180,23432
Suffolk city,1391,23433
Suffolk city,54387,23434
Suffolk city,33721,23435
Suffolk city,882,23436
Suffolk city,5023,23437
Suffolk city,1749,23438
Accomack County,252,23440
Accomack County,0,23441
Accomack County,488,23442
Virginia Beach city,44012,23451
Virginia Beach city,58455,23452
Virginia Beach city,34482,23453
Virginia Beach city,58178,23454
Virginia Beach city,49977,23455
Virginia Beach city,61911,23456
Virginia Beach city,4814,23457
Virginia Beach city,1324,23459
Virginia Beach city,1041,23460
Virginia Beach city,943,23461
Virginia Beach city,66151,23462
Virginia Beach city,75061,23464
Accomack County,338,23480
Northampton County,278,23486
Isle of Wight County,6477,23487
Accomack County,62,23488
Norfolk city,20399,23502
Norfolk city,30216,23503
Norfolk city,23502,23504
Norfolk city,28247,23505
Norfolk city,6645,23507
Norfolk city,19432,23508
Norfolk city,13105,23509
Norfolk city,9190,23510
Norfolk city,9664,23511
Norfolk city,28628,23513
Norfolk city,4932,23517
Norfolk city,29746,23518
Norfolk city,8188,23523
Norfolk city,1702,23551
Newport News city,26645,23601
Newport News city,42265,23602
Newport News city,3504,23603
Newport News city,4416,23604
Newport News city,13332,23605
Newport News city,29971,23606
Newport News city,23096,23607
Newport News city,43641,23608
Hampton city,439,23651
Hampton city,14005,23661
Poquoson city,12639,23662
Hampton city,14656,23663
Hampton city,9643,23664
Hampton city,5810,23665
Hampton city,54233,23666
Hampton city,0,23667
Hampton city,723,23668
Hampton city,39884,23669
Hampton city,0,23681
York County,4597,23690
York County,464,23691
York County,19301,23692
York County,23176,23693
York County,3937,23696
Portsmouth city,24298,23701
Portsmouth city,12485,23702
Portsmouth city,25610,23703
Portsmouth city,19207,23704
Portsmouth city,14766,23707
Portsmouth city,269,23708
Portsmouth city,510,23709
Prince George County,8993,23801
Dinwiddie County,42012,23803
Prince George County,21408,23805
Brunswick County,1983,23821
Nottoway County,6455,23824
Southampton County,1091,23827
Southampton County,577,23828
Southampton County,2731,23829
Dinwiddie County,1412,23830
Chesterfield County,39529,23831
Chesterfield County,41442,23832
Dinwiddie County,2212,23833
Chesterfield County,26628,23834
Chesterfield County,15298,23836
Southampton County,4623,23837
Chesterfield County,17686,23838
Surry County,993,23839
Dinwiddie County,1733,23840
Dinwiddie County,3021,23841
Prince George County,6924,23842
Brunswick County,446,23843
Southampton County,522,23844
Brunswick County,280,23845
Surry County,709,23846
Greensville County,12956,23847
Dinwiddie County,1161,23850
Southampton County,13237,23851
Brunswick County,540,23856
Brunswick County,352,23857
Prince George County,31404,23860
Southampton County,1943,23866
Sussex County,5173,23867
Brunswick County,6281,23868
Greensville County,0,23870
Dinwiddie County,2571,23872
Southampton County,673,23874
Prince George County,13029,23875
Brunswick County,252,23876
Southampton County,1217,23878
Greensville County,386,23879
Surry County,2531,23881
Sussex County,1848,23882
Surry County,1870,23883
Sussex County,29,23884
Dinwiddie County,3193,23885
Brunswick County,631,23887
Sussex County,2528,23888
Brunswick County,565,23889
Sussex County,4167,23890
Sussex County,1449,23891
Brunswick County,504,23893
Dinwiddie County,326,23894
Sussex County,949,23897
Isle of Wight County,2246,23898
Surry County,387,23899
Cumberland County,15173,23901
Prince Edward County,1109,23909
Mecklenburg County,1360,23915
Mecklenburg County,2422,23917
Mecklenburg County,2306,23919
Brunswick County,3225,23920
Buckingham County,2408,23921
Nottoway County,4197,23922
Charlotte County,2063,23923
Mecklenburg County,5915,23924
Mecklenburg County,4809,23927
Nottoway County,5508,23930
Prince Edward County,441,23934
Buckingham County,7334,23936
Charlotte County,1915,23937
Brunswick County,295,23938
Prince Edward County,1001,23942
Prince Edward County,1066,23943
Lunenburg County,3978,23944
Lunenburg County,3785,23947
Mecklenburg County,3510,23950
Lunenburg County,84,23952
Prince Edward County,2396,23954
Nottoway County,14,23955
Appomattox County,3425,23958
Charlotte County,1154,23959
Prince Edward County,2176,23960
Charlotte County,705,23962
Charlotte County,468,23963
Charlotte County,903,23964
Prince Edward County,2010,23966
Charlotte County,1495,23967
Mecklenburg County,671,23968
Mecklenburg County,8109,23970
Lunenburg County,4582,23974
Charlotte County,97,23976
Roanoke city,784,24011
Roanoke city,28235,24012
Roanoke city,8026,24013
Roanoke County,15300,24014
Roanoke city,15865,24015
Roanoke city,10521,24016
Roanoke city,23678,24017
Roanoke County,38720,24018
Roanoke County,28585,24019
Roanoke County,583,24020
Roanoke city,0,24022
Patrick County,2414,24053
Henry County,5957,24054
Henry County,11814,24055
Pulaski County,281,24058
Roanoke County,893,24059
Montgomery County,48541,24060
Montgomery County,9202,24061
Bedford County,4875,24064
Franklin County,6565,24065
Botetourt County,4963,24066
Franklin County,2371,24067
Pittsylvania County,1861,24069
Roanoke County,1271,24070
Floyd County,1238,24072
Montgomery County,29677,24073
Patrick County,801,24076
Botetourt County,943,24077
Henry County,6438,24078
Floyd County,1389,24079
Patrick County,291,24082
Botetourt County,4948,24083
Pulaski County,10604,24084
Botetourt County,2391,24085
Giles County,263,24086
Montgomery County,3941,24087
Franklin County,5017,24088
Henry County,2265,24089
Botetourt County,4521,24090
Floyd County,7417,24091
Franklin County,3368,24092
Giles County,102,24093
Bedford County,3962,24095
Franklin County,6185,24101
Franklin County,1291,24102
Bedford County,3163,24104
Floyd County,426,24105
Henry County,31028,24112
Patrick County,1591,24120
Bedford County,10315,24121
Bedford County,1492,24122
Giles County,4042,24124
Craig County,4392,24127
Giles County,1450,24128
Pulaski County,114,24129
Craig County,10,24131
Pulaski County,694,24132
Patrick County,2219,24133
Giles County,5400,24134
Giles County,3145,24136
Franklin County,2767,24137
Montgomery County,1432,24138
Pittsylvania County,654,24139
Pulaski County,21484,24141
Radford city,2205,24142
Giles County,1352,24147
Henry County,8355,24148
Montgomery County,3986,24149
Giles County,883,24150
Franklin County,18154,24151
Roanoke County,38914,24153
Pittsylvania County,703,24161
Montgomery County,2259,24162
Henry County,1875,24165
Giles County,275,24167
Henry County,204,24168
Patrick County,8268,24171
Bedford County,2191,24174
Botetourt County,8128,24175
Franklin County,1586,24176
Bedford County,18773,24179
Franklin County,4527,24184
Patrick County,894,24185
Bristol city,15903,24201
Washington County,12389,24202
Washington County,16814,24210
Washington County,10298,24211
Wise County,2246,24216
Dickenson County,474,24217
Wise County,10450,24219
Dickenson County,503,24220
Lee County,633,24221
Russell County,5273,24224
Russell County,1791,24225
Dickenson County,2110,24226
Dickenson County,6317,24228
Wise County,6900,24230
Washington County,3109,24236
Dickenson County,1064,24237
Buchanan County,38,24239
Lee County,1452,24243
Scott County,5600,24244
Scott County,1053,24245
Wise County,78,24246
Lee County,2207,24248
Scott County,1268,24250
Scott County,7937,24251
Dickenson County,2982,24256
Scott County,1163,24258
Russell County,5318,24260
Lee County,5830,24263
Lee County,1140,24265
Russell County,8688,24266
Dickenson County,209,24269
Washington County,416,24270
Scott County,2525,24271
Dickenson County,316,24272
Wise County,5593,24273
Lee County,5839,24277
Wise County,4671,24279
Russell County,784,24280
Lee County,1890,24281
Lee County,1181,24282
Wise County,1832,24283
Scott County,2274,24290
Grayson County,555,24292
Wise County,9786,24293
Pulaski County,13567,24301
Smyth County,1526,24311
Carroll County,1650,24312
Wythe County,806,24313
Bland County,1324,24314
Bland County,3978,24315
Tazewell County,46,24316
Carroll County,3409,24317
Bland County,376,24318
Smyth County,6997,24319
Wythe County,124,24322
Wythe County,798,24323
Pulaski County,2298,24324
Carroll County,979,24325
Grayson County,858,24326
Washington County,598,24327
Carroll County,1915,24328
Grayson County,2982,24330
Grayson County,17390,24333
Washington County,6111,24340
Carroll County,9210,24343
Pulaski County,1677,24347
Grayson County,4855,24348
Wythe County,1130,24350
Carroll County,562,24351
Carroll County,1381,24352
Smyth County,13001,24354
Wythe County,5750,24360
Washington County,4484,24361
Grayson County,1031,24363
Bland County,466,24366
Wythe County,5574,24368
Smyth County,5766,24370
Wythe County,411,24374
Smyth County,1711,24375
Tazewell County,569,24377
Grayson County,1056,24378
Floyd County,3088,24380
Carroll County,3091,24381
Wythe County,14582,24382
Augusta County,38756,24401
Augusta County,2,24411
Bath County,205,24412
Highland County,251,24413
Rockbridge County,90,24415
Rockbridge County,9082,24416
Augusta County,3450,24421
Alleghany County,5334,24422
Alleghany County,13872,24426
Augusta County,3109,24430
Augusta County,2176,24431
Augusta County,544,24432
Highland County,88,24433
Rockbridge County,1764,24435
Augusta County,1468,24437
Rockbridge County,1124,24439
Augusta County,2710,24440
Augusta County,6520,24441
Highland County,68,24442
Bath County,2332,24445
Alleghany County,420,24448
Rockbridge County,17714,24450
Alleghany County,425,24457
Highland County,244,24458
Augusta County,535,24459
Bath County,1119,24460
Nelson County,190,24464
Highland County,1403,24465
Augusta County,2318,24467
Augusta County,0,24469
Rockingham County,1768,24471
Rockbridge County,2176,24472
Rockbridge County,979,24473
Alleghany County,146,24474
Augusta County,227,24476
Augusta County,11482,24477
Augusta County,1791,24479
Augusta County,5312,24482
Rockbridge County,475,24483
Bath County,486,24484
Augusta County,346,24485
Augusta County,3739,24486
Highland County,566,24487
Campbell County,25006,24501
Lynchburg city,41979,24502
Bedford County,20419,24503
Campbell County,9632,24504
Lynchburg city,6391,24515
Campbell County,4996,24517
Halifax County,1931,24520
Amherst County,10599,24521
Appomattox County,10056,24522
Bedford County,20349,24523
Bedford County,1494,24526
Pittsylvania County,3262,24527
Campbell County,3775,24528
Mecklenburg County,1345,24529
Pittsylvania County,678,24530
Pittsylvania County,8695,24531
Halifax County,1655,24534
Bedford County,406,24536
Campbell County,4867,24538
Halifax County,159,24539
Pittsylvania County,31013,24540
Pittsylvania County,28042,24541
Pittsylvania County,4160,24549
Campbell County,8190,24550
Bedford County,28554,24551
Buckingham County,1610,24553
Campbell County,3769,24554
Rockbridge County,2123,24555
Bedford County,2584,24556
Pittsylvania County,7678,24557
Halifax County,6458,24558
Buckingham County,820,24562
Pittsylvania County,5184,24563
Pittsylvania County,1098,24565
Pittsylvania County,1084,24566
Pittsylvania County,1059,24569
Bedford County,0,24570
Campbell County,2092,24571
Amherst County,15744,24572
Amherst County,3666,24574
Halifax County,4577,24577
Rockbridge County,457,24578
Rockbridge County,1107,24579
Mecklenburg County,360,24580
Nelson County,0,24581
Pittsylvania County,4807,24586
Campbell County,8817,24588
Halifax County,1763,24589
Buckingham County,8229,24590
Halifax County,14589,24592
Appomattox County,2162,24593
Halifax County,1250,24594
Amherst County,630,24595
Halifax County,691,24597
Halifax County,1309,24598
Buckingham County,470,24599
Tazewell County,0,24601
Tazewell County,1213,24602
Buchanan County,632,24603
Tazewell County,230,24604
Tazewell County,8872,24605
Tazewell County,310,24606
Buchanan County,313,24607
Tazewell County,6923,24609
Tazewell County,113,24612
Tazewell County,276,24613
Buchanan County,6668,24614
Buchanan County,2270,24620
Buchanan County,527,24622
Tazewell County,5307,24630
Buchanan County,2397,24631
Buchanan County,338,24634
Tazewell County,779,24635
Tazewell County,3778,24637
Buchanan County,2736,24639
Tazewell County,5446,24641
Buchanan County,667,24646
Russell County,2135,24649
Tazewell County,5982,24651
Buchanan County,2305,24656
Buchanan County,250,24657