"zip","city","county","population"
22193,"Woodbridge","Prince William County",81588
23464,"Virginia Beach","Virginia Beach city",75061
22191,"Woodbridge","Prince William County",73623
20147,"Ashburn","Loudoun County",67692
23322,"Chesapeake","Chesapeake city",66956
23462,"Virginia Beach","Virginia Beach city",66151
22554,"Stafford","Stafford County",65494
22407,"Fredericksburg","Spotsylvania County",65425
20148,"Ashburn","Loudoun County",64021
23456,"Virginia Beach","Virginia Beach city",61911
22030,"Fairfax","Fairfax County",61332
22192,"Woodbridge","Prince William County",59794
23320,"Chesapeake","Chesapeake city",59108
23452,"Virginia Beach","Virginia Beach city",58455
23454,"Virginia Beach","Virginia Beach city",58178
22003,"Annandale","Fairfax County",57755
23112,"Midlothian","Chesterfield County",57016
23185,"Williamsburg","James City County",55270
23223,"Richmond","Henrico County",54659
23434,"Suffolk","Suffolk city",54387
23666,"Hampton","Hampton city",54233
22204,"Arlington","Arlington County",51921
20176,"Leesburg","Loudoun County",51471
20171,"Herndon","Fairfax County",51286
23455,"Virginia Beach","Virginia Beach city",49977
20110,"Manassas","Manassas city",49890
22304,"Alexandria","Alexandria city",48613
24060,"Blacksburg","Montgomery County",48541
23234,"Richmond","Chesterfield County",47465
23188,"Williamsburg","James City County",45803
20109,"Manassas","Prince William County",45444
22015,"Burke","Fairfax County",44647
23451,"Virginia Beach","Virginia Beach city",44012
20170,"Herndon","Fairfax County",43866
23608,"Newport News","Newport News city",43641
20164,"Sterling","Loudoun County",43436
23323,"Chesapeake","Chesapeake city",43043
20120,"Centreville","Fairfax County",42896
23225,"Richmond","Richmond city",42771
23059,"Glen Allen","Hanover County",42522
23602,"Newport News","Newport News city",42265
23803,"Petersburg","Dinwiddie County",42012
24502,"Lynchburg","Lynchburg city",41979
23832,"Chesterfield","Chesterfield County",41442
23224,"Richmond","Richmond city",40575
22903,"Charlottesville","Albemarle County",40372
23321,"Chesapeake","Chesapeake city",40176
22801,"Harrisonburg","Rockingham County",39983
23669,"Hampton","Hampton city",39884
23831,"Chester","Chesterfield County",39529
22033,"Fairfax","Fairfax County",39526
24153,"Salem","Roanoke County",38914
24401,"Staunton","Augusta County",38756
24018,"Roanoke","Roanoke County",38720
23231,"Henrico","Henrico County",38544
22701,"Culpeper","Culpeper County",38512
20111,"Manassas","Prince William County",38124
23111,"Mechanicsville","Hanover County",38070
20105,"Aldie","Loudoun County",37639
20155,"Gainesville","Prince William County",37486
22201,"Arlington","Arlington County",37473
22031,"Fairfax","Fairfax County",37276
22901,"Charlottesville","Albemarle County",37237
22405,"Fredericksburg","Stafford County",36890
20152,"Chantilly","Loudoun County",36674
22314,"Alexandria","Alexandria city",36612
23228,"Henrico","Henrico County",36527
23060,"Glen Allen","Henrico County",36497
23229,"Henrico","Henrico County",35689
22630,"Front Royal","Warren County",35615
22042,"Falls Church","Fairfax County",35483
22207,"Arlington","Arlington County",35479
22079,"Lorton","Fairfax County",35284
20175,"Leesburg","Loudoun County",34733
23220,"Richmond","Richmond city",34671
23453,"Virginia Beach","Virginia Beach city",34482
22309,"Alexandria","Fairfax County",34316
23116,"Mechanicsville","Hanover County",34188
20165,"Sterling","Loudoun County",34088
23435,"Suffolk","Suffolk city",33721
23235,"Richmond","Chesterfield County",33461
22980,"Waynesboro","Augusta County",32965
22602,"Winchester","Frederick County",32840
22153,"Springfield","Fairfax County",32664
20136,"Bristow","Prince William County",32325
22556,"Stafford","Stafford County",31785
22408,"Fredericksburg","Spotsylvania County",31586
23233,"Henrico","Henrico County",31582
23860,"Hopewell","Prince George County",31404
24112,"Martinsville","Henry County",31028
24540,"Danville","Pittsylvania County",31013
20191,"Reston","Fairfax County",31011
22101,"McLean","Fairfax County",30953
22306,"Alexandria","Fairfax County",30602
20112,"Manassas","Prince William County",30500
22315,"Alexandria","Fairfax County",30404
22802,"Harrisonburg","Rockingham County",30374
23503,"Norfolk","Norfolk city",30216
23606,"Newport News","Newport News city",29971
23518,"Norfolk","Norfolk city",29746
24073,"Christiansburg","Montgomery County",29677
22032,"Fairfax","Fairfax County",29240
22601,"Winchester","Winchester city",29230
22102,"McLean","Fairfax County",29184
22041,"Falls Church","Fairfax County",29183
22152,"Springfield","Fairfax County",28814
22401,"Fredericksburg","Fredericksburg city",28731
23513,"Norfolk","Norfolk city",28628
24019,"Roanoke","Roanoke County",28585
24551,"Forest","Bedford County",28554
23505,"Norfolk","Norfolk city",28247
24012,"Roanoke","Roanoke city",28235
22310,"Alexandria","Fairfax County",28136
20169,"Haymarket","Prince William County",28089
24541,"Danville","Pittsylvania County",28042
22150,"Springfield","Fairfax County",27955
23236,"Richmond","Chesterfield County",27903
20121,"Centreville","Fairfax County",27788
22182,"Vienna","Fairfax County",27783
23139,"Powhatan","Powhatan County",27757
22202,"Arlington","Arlington County",27715
23113,"Midlothian","Chesterfield County",27477
22406,"Fredericksburg","Stafford County",27367
22485,"King George","King George County",27131
23237,"Richmond","Chesterfield County",27126
22312,"Alexandria","Fairfax County",26768
23601,"Newport News","Newport News city",26645
23834,"Colonial Heights","Chesterfield County",26628
22203,"Arlington","Arlington County",26594
22180,"Vienna","Fairfax County",26568
23222,"Richmond","Henrico County",26322
23238,"Henrico","Goochland County",26050
22043,"Falls Church","Fairfax County",25750
23703,"Portsmouth","Portsmouth city",25610
24501,"Lynchburg","Campbell County",25006
23227,"Richmond","Henrico County",24925
23324,"Chesapeake","Chesapeake city",24670
23701,"Portsmouth","Portsmouth city",24298
22551,"Spotsylvania","Spotsylvania County",24146
24017,"Roanoke","Roanoke city",23678
23504,"Norfolk","Norfolk city",23502
22902,"Charlottesville","Albemarle County",23486
23061,"Gloucester","Gloucester County",23308
23693,"Yorktown","York County",23176
23607,"Newport News","Newport News city",23096
22026,"Dumfries","Prince William County",22897
22655,"Stephens City","Frederick County",22687
20151,"Chantilly","Fairfax County",22610
20190,"Reston","Fairfax County",22012
23114,"Midlothian","Chesterfield County",21631
24141,"Radford","Pulaski County",21484
23805,"Petersburg","Prince George County",21408
22206,"Arlington","Arlington County",20703
24503,"Lynchburg","Bedford County",20419
23502,"Norfolk","Norfolk city",20399
24523,"Bedford","Bedford County",20349
23294,"Henrico","Henrico County",20216
23005,"Ashland","Hanover County",19987
20132,"Purcellville","Loudoun County",19817
22039,"Fairfax Station","Fairfax County",19626
23508,"Norfolk","Norfolk city",19432
22025,"Dumfries","Prince William County",19356
22311,"Alexandria","Alexandria city",19337
23692,"Yorktown","York County",19301
23704,"Portsmouth","Portsmouth city",19207
23325,"Chesapeake","Chesapeake city",19138
23430,"Smithfield","Isle of Wight County",19109
22911,"Charlottesville","Albemarle County",19107
20187,"Warrenton","Fauquier County",18980
24179,"Vinton","Bedford County",18773
22546,"Ruther Glen","Caroline County",18392
22046,"Falls Church","Falls Church city",18169
24151,"Rocky Mount","Franklin County",18154
22124,"Oakton","Fairfax County",18091
22302,"Alexandria","Alexandria city",18026
22205,"Arlington","Arlington County",17738
24450,"Lexington","Rockbridge County",17714
23838,"Chesterfield","Chesterfield County",17686
23120,"Moseley","Chesterfield County",17586
24333,"Galax","Grayson County",17390
22305,"Alexandria","Alexandria city",17214
22553,"Spotsylvania","Spotsylvania County",17207
22066,"Great Falls","Fairfax County",17185
22603,"Winchester","Frederick County",17133
22151,"Springfield","Fairfax County",17017
22303,"Alexandria","Fairfax County",16922
22963,"Palmyra","Fluvanna County",16896
24210,"Abingdon","Washington County",16814
24201,"Bristol","Bristol city",15903
24015,"Roanoke","Roanoke city",15865
22181,"Vienna","Fairfax County",15760
24572,"Madison Heights","Amherst County",15744
20186,"Warrenton","Fauquier County",15703
22508,"Locust Grove","Orange County",15557
23226,"Richmond","Richmond city",15477
24014,"Roanoke","Roanoke County",15300
23836,"Chester","Chesterfield County",15298
23901,"Farmville","Cumberland County",15173
20166,"Sterling","Loudoun County",14949
23707,"Portsmouth","Portsmouth city",14766
23663,"Hampton","Hampton city",14656
23093,"Louisa","Louisa County",14647
24592,"South Boston","Halifax County",14589
24382,"Wytheville","Wythe County",14582
23221,"Richmond","Richmond city",14402
20124,"Clifton","Fairfax County",14375
22209,"Arlington","Arlington County",14154
22308,"Alexandria","Fairfax County",14090
23661,"Hampton","Hampton city",14005
22044,"Falls Church","Fairfax County",13996
24426,"Covington","Alleghany County",13872
22301,"Alexandria","Alexandria city",13665
24301,"Pulaski","Pulaski County",13567
23605,"Newport News","Newport News city",13332
23072,"Hayes","Gloucester County",13328
23851,"Franklin","Southampton County",13237
23509,"Norfolk","Norfolk city",13105
23875,"Prince George","Prince George County",13029
24354,"Marion","Smyth County",13001
23847,"Emporia","Greensville County",12956
23662,"Poquoson","Poquoson city",12639
23150,"Sandston","Henrico County",12544
23702,"Portsmouth","Portsmouth city",12485
24202,"Bristol","Washington County",12389
20194,"Reston","Fairfax County",12275
22657,"Strasburg","Shenandoah County",12067
24055,"Bassett","Henry County",11814
22960,"Orange","Orange County",11657
22172,"Triangle","Prince William County",11490
24477,"Stuarts Draft","Augusta County",11482
22835,"Luray","Page County",11314
22968,"Ruckersville","Greene County",11235
23024,"Bumpass","Louisa County",11233
23002,"Amelia Court House","Amelia County",10849
20181,"Nokesville","Prince William County",10774
22812,"Bridgewater","Rockingham County",10660
22060,"Fort Belvoir","Fairfax County",10641
24084,"Dublin","Pulaski County",10604
24521,"Amherst","Amherst County",10599
22942,"Gordonsville","Louisa County",10560
22827,"Elkton","Rockingham County",10529
24016,"Roanoke","Roanoke city",10521
23117,"Mineral","Louisa County",10480
24219,"Big Stone Gap","Wise County",10450
22307,"Alexandria","Fairfax County",10343
24121,"Moneta","Bedford County",10315
24211,"Abingdon","Washington County",10298
23314,"Carrollton","Isle of Wight County",10099
24522,"Appomattox","Appomattox County",10056
22443,"Colonial Beach","Westmoreland County",10011
24293,"Wise","Wise County",9786
23168,"Toano","James City County",9673
23511,"Norfolk","Norfolk city",9664
23664,"Hampton","Hampton city",9643
24504,"Lynchburg","Campbell County",9632
22712,"Bealeton","Fauquier County",9501
22664,"Woodstock","Shenandoah County",9293
22611,"Berryville","Clarke County",9276
24343,"Hillsville","Carroll County",9210
24061,"Blacksburg","Montgomery County",9202
23510,"Norfolk","Norfolk city",9190
22932,"Crozet","Albemarle County",9148
24416,"Buena Vista","Rockbridge County",9082
23801,"Fort Gregg Adams","Prince George County",8993
23230,"Richmond","Henrico County",8910
24605,"Bluefield","Tazewell County",8872
24588,"Rustburg","Campbell County",8817
24531,"Chatham","Pittsylvania County",8695
24266,"Lebanon","Russell County",8688
22815,"Broadway","Rockingham County",8465
20141,"Round Hill","Loudoun County",8359
24148,"Ridgeway","Henry County",8355
23075,"Henrico","Henrico County",8347
22134,"Quantico","Stafford County",8310
23009,"Aylett","King William County",8270
24171,"Stuart","Patrick County",8268
24590,"Scottsville","Buckingham County",8229
24550,"Evington","Campbell County",8190
23523,"Norfolk","Norfolk city",8188
20115,"Marshall","Fauquier County",8173
24175,"Troutville","Botetourt County",8128
23970,"South Hill","Mecklenburg County",8109
24013,"Roanoke","Roanoke city",8026
24251,"Gate City","Scott County",7937
23141,"Quinton","New Kent County",7814
23140,"Providence Forge","New Kent County",7755
24557,"Gretna","Pittsylvania County",7678
20180,"Lovettsville","Loudoun County",7531
24091,"Floyd","Floyd County",7417
23936,"Dillwyn","Buckingham County",7334
24319,"Chilhowie","Smyth County",6997
22936,"Earlysville","Albemarle County",6983
23842,"Disputanta","Prince George County",6924
24609,"Cedar Bluff","Tazewell County",6923
23103,"Manakin Sabot","Goochland County",6922
22939,"Fishersville","Augusta County",6908
24230,"Coeburn","Wise County",6900
24614,"Grundy","Buchanan County",6668
23507,"Norfolk","Norfolk city",6645
23192,"Montpelier","Hanover County",6629
22560,"Tappahannock","Essex County",6612
22572,"Warsaw","Richmond County",6597
22824,"Edinburg","Shenandoah County",6596
24065,"Boones Mill","Franklin County",6565
24441,"Grottoes","Augusta County",6520
23487,"Windsor","Isle of Wight County",6477
24558,"Halifax","Halifax County",6458
23824,"Blackstone","Nottoway County",6455
24078,"Collinsville","Henry County",6438
22923,"Barboursville","Albemarle County",6435
24515,"Lynchburg","Lynchburg city",6391
24228,"Clintwood","Dickenson County",6317
22973,"Stanardsville","Greene County",6292
23868,"Lawrenceville","Brunswick County",6281
24101,"Hardy","Franklin County",6185
23063,"Goochland","Goochland County",6164
22821,"Dayton","Rockingham County",6116
24340,"Glade Spring","Washington County",6111
24651,"Tazewell","Tazewell County",5982
24054,"Axton","Henry County",5957
23924,"Chase City","Mecklenburg County",5915
22851,"Stanley","Page County",5903
24277,"Pennington Gap","Lee County",5839
24263,"Jonesville","Lee County",5830
23665,"Hampton","Hampton city",5810
24370,"Saltville","Smyth County",5766
24360,"Max Meadows","Wythe County",5750
22727,"Madison","Madison County",5742
22904,"Charlottesville","Albemarle County",5729
24244,"Duffield","Scott County",5600
24273,"Norton","Wise County",5593
22842,"Mount Jackson","Shenandoah County",5580
24368,"Rural Retreat","Wythe County",5574
23181,"West Point","King William County",5565
23930,"Crewe","Nottoway County",5508
22473,"Heathsville","Northumberland County",5498
24641,"Richlands","Tazewell County",5446
24134,"Pearisburg","Giles County",5400
22656,"Stephenson","Frederick County",5360
22807,"Harrisonburg","Harrisonburg city",5347
24422,"Clifton Forge","Alleghany County",5334
24260,"Honaker","Russell County",5318
24482,"Verona","Augusta County",5312
22974,"Troy","Fluvanna County",5309
24630,"North Tazewell","Tazewell County",5307
24224,"Castlewood","Russell County",5273
22947,"Keswick","Albemarle County",5256
22840,"McGaheysville","Rockingham County",5239
22853,"Timberville","Rockingham County",5214
24563,"Hurt","Pittsylvania County",5184
23867,"Jarratt","Sussex County",5173
22849,"Shenandoah","Page County",5170
23124,"New Kent","New Kent County",5147
22580,"Woodford","Caroline County",5107
23310,"Cape Charles","Northampton County",5031
23437,"Suffolk","Suffolk city",5023
24088,"Ferrum","Franklin County",5017
24517,"Altavista","Campbell County",4996
20158,"Hamilton","Loudoun County",4979
24066,"Buchanan","Botetourt County",4963
24083,"Daleville","Botetourt County",4948
23517,"Norfolk","Norfolk city",4932
24064,"Blue Ridge","Bedford County",4875
24538,"Concord","Campbell County",4867
24348,"Independence","Grayson County",4855
23089,"Lanexa","New Kent County",4831
23457,"Virginia Beach","Virginia Beach city",4814
23927,"Clarksville","Mecklenburg County",4809
24586,"Ringgold","Pittsylvania County",4807
22520,"Montross","Westmoreland County",4740
22844,"New Market","Shenandoah County",4677
24279,"Pound","Wise County",4671
23040,"Cumberland","Cumberland County",4640
22645,"Middletown","Frederick County",4639
23837,"Courtland","Southampton County",4623
23015,"Beaverdam","Hanover County",4601
23690,"Yorktown","York County",4597
23974,"Victoria","Lunenburg County",4582
24577,"Nathalie","Halifax County",4577
24184,"Wirtz","Franklin County",4527
24090,"Fincastle","Botetourt County",4521
24361,"Meadowview","Washington County",4484
23030,"Charles City","Charles City County",4470
23604,"Fort Eustis","Newport News city",4416
24127,"New Castle","Craig County",4392
22427,"Bowling Green","Caroline County",4356
20106,"Amissville","Rappahannock County",4297
22503,"Lancaster","Lancaster County",4296
23421,"Parksley","Accomack County",4290
23922,"Burkeville","Nottoway County",4197
23890,"Waverly","Sussex County",4167
24549,"Dry Fork","Pittsylvania County",4160
23219,"Richmond","Richmond city",4062
24124,"Narrows","Giles County",4042
22213,"Arlington","Arlington County",4021
24149,"Riner","Montgomery County",3986
23944,"Kenbridge","Lunenburg County",3978
24315,"Bland","Bland County",3978
24095,"Goodview","Bedford County",3962
24087,"Elliston","Montgomery County",3941
23696,"Seaford","York County",3937
22642,"Linden","Warren County",3933
22734,"Remington","Fauquier County",3918
23417,"Onancock","Accomack County",3827
23947,"Keysville","Lunenburg County",3785
24637,"Pounding Mill","Tazewell County",3778
23086,"King William","King William County",3777
24528,"Brookneal","Campbell County",3775
24554,"Gladys","Campbell County",3769
22728,"Midland","Fauquier County",3752
24486,"Weyers Cave","Augusta County",3739
24574,"Monroe","Amherst County",3666
22920,"Afton","Nelson County",3608
23102,"Maidens","Goochland County",3605
20135,"Bluemont","Clarke County",3585
23950,"La Crosse","Mecklenburg County",3510
23603,"Newport News","Newport News city",3504
22737,"Rixeyville","Culpeper County",3465
23146,"Rockville","Hanover County",3451
24421,"Churchville","Augusta County",3450
23069,"Hanover","Hanover County",3425
23958,"Pamplin","Appomattox County",3425
20119,"Catlett","Fauquier County",3416
22624,"Clear Brook","Frederick County",3416
24317,"Cana","Carroll County",3409
22625,"Cross Junction","Frederick County",3376
24092,"Glade Hill","Franklin County",3368
23336,"Chincoteague Island","Accomack County",3319
22534,"Partlow","Spotsylvania County",3290
24527,"Blairs","Pittsylvania County",3262
23920,"Brodnax","Brunswick County",3225
23885,"Sutherland","Dinwiddie County",3193
24104,"Huddleston","Bedford County",3163
24136,"Pembroke","Giles County",3145
24236,"Damascus","Washington County",3109
24430,"Craigsville","Augusta County",3109
24381,"Woodlawn","Carroll County",3091
22841,"Mount Crawford","Rockingham County",3090
24380,"Willis","Floyd County",3088
22482,"Kilmarnock","Northumberland County",3075
23841,"Dinwiddie","Dinwiddie County",3021
23350,"Exmore","Northampton County",2983
24256,"Haysi","Dickenson County",2982
24330,"Fries","Grayson County",2982
22620,"Boyce","Clarke County",2825
20117,"Middleburg","Loudoun County",2790
24137,"Penhook","Franklin County",2767
24639,"Raven","Buchanan County",2736
23829,"Capron","Southampton County",2731
22567,"Unionville","Orange County",2717
24440,"Greenville","Augusta County",2710
22843,"Mount Solon","Augusta County",2697
23420,"Painter","Accomack County",2673
24556,"Goode","Bedford County",2584
23872,"McKenney","Dinwiddie County",2571
22644,"Maurertown","Shenandoah County",2561
23881,"Spring Grove","Surry County",2531
23888,"Wakefield","Sussex County",2528
24271,"Nickelsville","Scott County",2525
22724,"Jeffersonton","Culpeper County",2518
23917,"Boydton","Mecklenburg County",2422
22542,"Rhoadesville","Orange County",2418
23149,"Saluda","Middlesex County",2414
24053,"Ararat","Patrick County",2414
22967,"Roseland","Nelson County",2413
23921,"Buckingham","Buckingham County",2408
24631,"Oakwood","Buchanan County",2397
23954,"Meherrin","Prince Edward County",2396
24085,"Eagle Rock","Botetourt County",2391
24067,"Callaway","Franklin County",2371
23308,"Bloxom","Accomack County",2370
23284,"Richmond","Richmond city",2362
22971,"Shipman","Nelson County",2359
22578,"White Stone","Lancaster County",2353
24445,"Hot Springs","Bath County",2332
23109,"Mathews","Mathews County",2327
24467,"Mount Sidney","Augusta County",2318
22958,"Nellysford","Nelson County",2306
23919,"Bracey","Mecklenburg County",2306
23410,"Melfa","Accomack County",2305
24656,"Vansant","Buchanan County",2305
24324,"Draper","Pulaski County",2298
22454,"Dunnsville","Essex County",2290
22514,"Milford","Caroline County",2290
23415,"New Church","Accomack County",2289
24290,"Weber City","Scott County",2274
24620,"Hurley","Buchanan County",2270
24089,"Fieldale","Henry County",2265
24162,"Shawsville","Montgomery County",2259
20198,"The Plains","Fauquier County",2251
23898,"Zuni","Isle of Wight County",2246
24216,"Appalachia","Wise County",2246
22922,"Arrington","Nelson County",2226
23083,"Jetersville","Amelia County",2220
24133,"Patrick Springs","Patrick County",2219
22435,"Callao","Northumberland County",2215
23833,"Church Road","Dinwiddie County",2212
22830,"Fulks Run","Rockingham County",2209
24248,"Ewing","Lee County",2207
24142,"Radford","Radford city",2205
24174,"Thaxton","Bedford County",2191
23960,"Prospect","Prince Edward County",2176
24431,"Crimora","Augusta County",2176
24472,"Raphine","Rockbridge County",2176
24593,"Spout Spring","Appomattox County",2162
24649,"Swords Creek","Russell County",2135
24555,"Glasgow","Rockbridge County",2123
22610,"Bentonville","Warren County",2113
24226,"Clinchco","Dickenson County",2110
23173,"Richmond","Richmond city",2107
24571,"Lynch Station","Campbell County",2092
22539,"Reedville","Northumberland County",2074
23923,"Charlotte Court House","Charlotte County",2063
23175,"Urbanna","Middlesex County",2053
23966,"Rice","Prince Edward County",2010
23123,"New Canton","Buckingham County",1995
23821,"Alberta","Brunswick County",1983
22469,"Hague","Westmoreland County",1967
23866,"Ivor","Southampton County",1943
22027,"Dunn Loring","Fairfax County",1939
20137,"Broad Run","Fauquier County",1938
22637,"Gore","Frederick County",1933
24520,"Alton","Halifax County",1931
22959,"North Garden","Albemarle County",1923
23937,"Drakes Branch","Charlotte County",1915
24328,"Fancy Gap","Carroll County",1915
24281,"Rose Hill","Lee County",1890
23071,"Hartfield","Middlesex County",1879
24165,"Spencer","Henry County",1875
23883,"Surry","Surry County",1870
24069,"Cascade","Pittsylvania County",1861
23882,"Stony Creek","Sussex County",1848
24283,"Saint Paul","Wise County",1832
20197,"Waterford","Loudoun County",1825
23301,"Accomac","Accomack County",1804
24225,"Cleveland","Russell County",1791
24479,"Swoope","Augusta County",1791
24471,"Port Republic","Rockingham County",1768
24435,"Fairfield","Rockbridge County",1764
24589,"Scottsburg","Halifax County",1763
22460,"Farnham","Richmond County",1757
23438,"Suffolk","Suffolk city",1749
23062,"Gloucester Point","Gloucester County",1745
22937,"Esmont","Albemarle County",1743
23840,"Dewitt","Dinwiddie County",1733
23306,"Belle Haven","Accomack County",1729
22733,"Rapidan","Culpeper County",1711
24375,"Sugar Grove","Smyth County",1711
22663,"White Post","Clarke County",1705
23551,"Norfolk","Norfolk city",1702
22952,"Lyndhurst","Augusta County",1694
23011,"Barhamsville","New Kent County",1682
24347,"Hiwassee","Pulaski County",1677
24534,"Clover","Halifax County",1655
23084,"Kents Store","Fluvanna County",1652
24312,"Austinville","Carroll County",1650
22735,"Reva","Madison County",1628
23043,"Deltaville","Middlesex County",1628
23356,"Greenbackville","Accomack County",1628
22652,"Fort Valley","Shenandoah County",1625
23027,"Cartersville","Cumberland County",1612
24553,"Gladstone","Buckingham County",1610
22742,"Sumerduck","Fauquier County",1596
24120,"Meadows Of Dan","Patrick County",1591
23153,"Sandy Hook","Goochland County",1586
24176,"Union Hall","Franklin County",1586
22715,"Brightwood","Madison County",1552
24311,"Atkins","Smyth County",1526
22720,"Goldvein","Fauquier County",1497
22846,"Penn Laird","Rockingham County",1496
23035,"Cobbs Creek","Mathews County",1495
23967,"Saxe","Charlotte County",1495
24526,"Big Island","Bedford County",1494
24122,"Montvale","Bedford County",1492
22713,"Boston","Culpeper County",1489
23038,"Columbia","Goochland County",1471
23148,"Saint Stephens Church","King and Queen County",1471
22660,"Toms Brook","Shenandoah County",1468
24437,"Fort Defiance","Augusta County",1468
24243,"Dryden","Lee County",1452
24128,"Newport","Giles County",1450
23891,"Waverly","Sussex County",1449
24138,"Pilot","Montgomery County",1432
22969,"Schuyler","Nelson County",1429
22576,"Weems","Lancaster County",1427
22949,"Lovingston","Nelson County",1426
23830,"Carson","Dinwiddie County",1412
24465,"Monterey","Highland County",1403
23315,"Carrsville","Isle of Wight County",1391
23433,"Suffolk","Suffolk city",1391
24079,"Copper Hill","Floyd County",1389
23047,"Doswell","Hanover County",1381
24352,"Laurel Fork","Carroll County",1381
22488,"Kinsale","Westmoreland County",1367
23915,"Baskerville","Mecklenburg County",1360
24147,"Rich Creek","Giles County",1352
24529,"Buffalo Junction","Mecklenburg County",1345
20144,"Delaplane","Fauquier County",1340
23459,"Virginia Beach","Virginia Beach city",1324
24314,"Bastian","Bland County",1324
24598,"Virgilina","Halifax County",1309
23065,"Gum Spring","Goochland County",1292
24102,"Henry","Franklin County",1291
24070,"Catawba","Roanoke County",1271
24250,"Fort Blackmore","Scott County",1268
24594,"Sutherlin","Halifax County",1250
22511,"Lottsburg","Northumberland County",1239
24072,"Check","Floyd County",1238
23405,"Machipongo","Northampton County",1237
22850,"Singers Glen","Rockingham County",1218
23878,"Sedley","Southampton County",1217
24602,"Bandy","Tazewell County",1213
22716,"Castleton","Rappahannock County",1200
23138,"Port Haywood","Mathews County",1198
23160,"State Farm","Powhatan County",1186
24282,"Saint Charles","Lee County",1181
23432,"Suffolk","Suffolk city",1180
22740,"Sperryville","Rappahannock County",1179
24258,"Hiltons","Scott County",1163
23850,"Ford","Dinwiddie County",1161
23156,"Shacklefords","King and Queen County",1158
23959,"Phenix","Charlotte County",1154
22729,"Mitchells","Culpeper County",1148
24265,"Keokee","Lee County",1140
22832,"Keezletown","Rockingham County",1136
24350,"Ivanhoe","Wythe County",1130
24439,"Goshen","Rockbridge County",1124
24460,"Millboro","Bath County",1119
23909,"Farmville","Prince Edward County",1109
24579,"Natural Bridge Station","Rockbridge County",1107
23169,"Topping","Middlesex County",1104
24565,"Java","Pittsylvania County",1098
23827,"Boykins","Southampton County",1091
24566,"Keeling","Pittsylvania County",1084
20143,"Catharpin","Prince William County",1070
22940,"Free Union","Albemarle County",1066
23943,"Hampden Sydney","Prince Edward County",1066
24237,"Dante","Dickenson County",1064
24569,"Long Island","Pittsylvania County",1059
24378,"Troutdale","Grayson County",1056
22847,"Quicksburg","Shenandoah County",1054
24245,"Dungannon","Scott County",1053
23460,"Virginia Beach","Virginia Beach city",1041
22654,"Star Tannery","Frederick County",1040
24363,"Mouth Of Wilson","Grayson County",1031
22650,"Rileyville","Page County",1007
23022,"Bremo Bluff","Fluvanna County",1006
23055,"Fork Union","Fluvanna County",1004
23942,"Green Bay","Prince Edward County",1001
23839,"Dendron","Surry County",993
24325,"Dugspur","Carroll County",979
24473,"Rockbridge Baths","Rockbridge County",979
22747,"Washington","Rappahannock County",967
22472,"Haynesville","Richmond County",960
22834,"Linville","Rockingham County",956
23897,"Yale","Sussex County",949
22211,"Fort Myer","Arlington County",947
22714,"Brandy Station","Culpeper County",946
22627,"Flint Hill","Rappahannock County",945
23461,"Virginia Beach","Virginia Beach city",943
24077,"Cloverdale","Botetourt County",943
23359,"Hallwood","Accomack County",940
23039,"Crozier","Goochland County",938
22738,"Rochelle","Madison County",928
22709,"Aroda","Madison County",920
23106,"Manquin","King William County",917
23964,"Red Oak","Charlotte County",903
22480,"Irvington","Lancaster County",898
24185,"Woolwine","Patrick County",894
24059,"Bent Mountain","Roanoke County",893
23357,"Greenbush","Accomack County",890
22938,"Faber","Nelson County",884
24150,"Ripplemead","Giles County",883
23436,"Suffolk","Suffolk city",882
24326,"Elk Creek","Grayson County",858
22736,"Richardsville","Culpeper County",844
22718,"Elkwood","Culpeper County",826
24562,"Howardsville","Buckingham County",820
23004,"Arvonia","Buckingham County",819
24313,"Barren Springs","Wythe County",806
24076,"Claudville","Patrick County",801
24323,"Crockett","Wythe County",798
22436,"Caret","Essex County",791
24011,"Roanoke","Roanoke city",784
24280,"Rosedale","Russell County",784
24635,"Pocahontas","Tazewell County",779
23413,"Nassawadox","Northampton County",776
22448,"Dahlgren","King George County",765
23092,"Locust Hill","Middlesex County",765
23110,"Mattaponi","King and Queen County",764
23418,"Onley","Accomack County",753
23668,"Hampton","Hampton city",723
23846,"Elberon","Surry County",709
23962,"Randolph","Charlotte County",705
24161,"Sandy Level","Pittsylvania County",703
23307,"Birdsnest","Northampton County",701
24132,"Parrott","Pulaski County",694
24597,"Vernon Hill","Halifax County",691
23025,"Cardinal","Mathews County",686
22125,"Occoquan","Prince William County",681
24530,"Callands","Pittsylvania County",678
23176,"Wake","Middlesex County",677
23874,"Newsoms","Southampton County",673
23968,"Skipwith","Mecklenburg County",671
24646,"Rowe","Buchanan County",667
23337,"Wallops Island","Accomack County",666
22726,"Lignum","Culpeper County",660
24139,"Pittsville","Pittsylvania County",654
22623,"Chester Gap","Rappahannock County",641
20184,"Upperville","Loudoun County",635
24221,"Blackwater","Lee County",633
24603,"Big Rock","Buchanan County",632
23887,"Valentines","Brunswick County",631
24595,"Sweet Briar","Amherst County",630
23070,"Hardyville","Middlesex County",616
23177,"Walkerton","King and Queen County",608
22639,"Hume","Fauquier County",606
24327,"Emory","Washington County",598
24020,"Roanoke","Roanoke County",583
22437,"Center Cross","King and Queen County",582
23828,"Branchville","Southampton County",577
22935,"Dyke","Greene County",575
24377,"Tannersville","Tazewell County",569
24487,"Williamsville","Highland County",566
23889,"Warfield","Brunswick County",565
23091,"Little Plymouth","King and Queen County",562
24351,"Lambsburg","Carroll County",562
22640,"Huntly","Rappahannock County",556
24292,"Whitetop","Grayson County",555
23076,"Hudgins","Mathews County",552
24432,"Deerfield","Augusta County",544
23856,"Freeman","Brunswick County",540
22746,"Viewtown","Culpeper County",539
20129,"Paeonian Springs","Loudoun County",538
24459,"Middlebrook","Augusta County",535
22810,"Basye","Shenandoah County",532
24622,"Jewell Ridge","Buchanan County",527
23844,"Drewryville","Southampton County",522
23066,"Gwynn","Mathews County",514
23709,"Portsmouth","Portsmouth city",510
23893,"White Plains","Brunswick County",504
24220,"Birchleaf","Dickenson County",503
23347,"Eastville","Northampton County",502
23442,"Temperanceville","Accomack County",488
24484,"Warm Springs","Bath County",486
23023,"Bruington","King and Queen County",482
23180,"Water View","Middlesex County",479
24483,"Vesuvius","Rockbridge County",475
24217,"Bee","Dickenson County",474
24599,"Wingina","Buckingham County",470
23963,"Red House","Charlotte County",468
23395,"Horntown","Accomack County",466
24366,"Rocky Gap","Bland County",466
23691,"Yorktown","York County",464
22535,"Port Royal","Caroline County",460
24578,"Natural Bridge","Rockbridge County",457
22722,"Haywood","Madison County",448
23843,"Dolphin","Brunswick County",446
23934,"Cullen","Prince Edward County",441
23651,"Fort Monroe","Hampton city",439
23050,"Dutton","Mathews County",437
23354,"Franktown","Northampton County",433
24105,"Indian Valley","Floyd County",426
24457,"Low Moor","Alleghany County",425
22741,"Stevensburg","Culpeper County",421
24448,"Iron Gate","Alleghany County",420
24270,"Mendota","Washington County",416
24374,"Speedwell","Wythe County",411
23126,"Newtown","King and Queen County",410
24536,"Coleman Falls","Bedford County",406
22943,"Greenwood","Albemarle County",402
23079,"Jamaica","Middlesex County",400
23085,"King And Queen Court House","King and Queen County",393
23899,"Claremont","Surry County",387
23879,"Skippers","Greensville County",386
24318,"Ceres","Bland County",376
23128,"North","Mathews County",367
24580,"Nelson","Mecklenburg County",360
22831,"Hinton","Rockingham County",352
23857,"Gasburg","Brunswick County",352
22538,"Rappahannock Academy","Caroline County",348
22719,"Etlan","Madison County",348
24485,"West Augusta","Augusta County",346
23303,"Atlantic","Accomack County",342
23480,"Wachapreague","Accomack County",338
24634,"Pilgrims Knob","Buchanan County",338
23161,"Stevensville","King and Queen County",337
22730,"Oakpark","Madison County",336
23068,"Hallieford","Mathews County",333
23894,"Wilsons","Dinwiddie County",326
22811,"Bergton","Rockingham County",316
24272,"Nora","Dickenson County",316
24607,"Breaks","Buchanan County",313
24606,"Boissevain","Tazewell County",310
23129,"Oilville","Goochland County",305
23938,"Dundas","Brunswick County",295
24082,"Critz","Patrick County",291
22972,"Somerset","Orange County",290
23401,"Keller","Accomack County",288
23119,"Moon","Mathews County",284
24058,"Belspring","Pulaski County",281
23845,"Ebony","Brunswick County",280
23486,"Willis Wharf","Northampton County",278
22743,"Syria","Madison County",276
24613,"Falls Mills","Tazewell County",276
24167,"Staffordsville","Giles County",275
20130,"Paris","Clarke County",271
23407,"Mappsville","Accomack County",270
23708,"Portsmouth","Portsmouth city",269
24086,"Eggleston","Giles County",263
22732,"Radiant","Madison County",262
22432,"Burgess","Northumberland County",256
22438,"Champlain","Essex County",252
23440,"Tangier","Accomack County",252
23876,"Rawlings","Brunswick County",252
24413,"Blue Grass","Highland County",251
24657,"Whitewood","Buchanan County",250
22749,"Woodville","Rappahannock County",244
24458,"McDowell","Highland County",244
23358,"Hacksneck","Accomack County",236
24604,"Bishop","Tazewell County",230
22504,"Laneview","Essex County",227
24476,"Steeles Tavern","Augusta County",227
22476,"Hustle","Essex County",224
23423,"Quinby","Accomack County",219
23427,"Saxis","Accomack County",218
24269,"McClure","Dickenson County",209
24412,"Bacova","Bath County",205
24168,"Stanleytown","Henry County",204
23422,"Pungoteague","Accomack County",202
22529,"Oldhams","Westmoreland County",200
22946,"Keene","Albemarle County",195
24464,"Montebello","Nelson County",190
23056,"Foster","Mathews County",175
22641,"Strasburg","Shenandoah County",165
24539,"Crystal Hill","Halifax County",159
22976,"Tyro","Nelson County",149
24474,"Selma","Alleghany County",146
22931,"Covesville","Albemarle County",145
22711,"Banco","Madison County",139
22643,"Markham","Fauquier County",137
22948,"Locust Dale","Madison County",137
24322,"Cripple Creek","Wythe County",124
22820,"Criders","Rockingham County",118
22548,"Sharps","Richmond County",115
24129,"New River","Pulaski County",114
24612,"Doran","Tazewell County",113
22433,"Burr Hill","Orange County",111
23302,"Assawoman","Accomack County",111
23032,"Church View","Middlesex County",109
23409,"Mears","Accomack County",109
24093,"Glen Lyn","Giles County",102
22725,"Leon","Madison County",99
22964,"Piney River","Nelson County",99
23298,"Richmond","Richmond city",98
23976,"Wylliesburg","Charlotte County",97
23416,"Oak Hall","Accomack County",96
23130,"Onemo","Mathews County",94
23389,"Harborton","Accomack County",92
23316,"Cheriton","Northampton County",91
24415,"Brownsburg","Rockbridge County",90
24433,"Doe Hill","Highland County",88
23952,"Lunenburg","Lunenburg County",84
23163,"Susan","Mathews County",78
24246,"East Stone Gap","Wise County",78
22509,"Loretto","Essex County",74
22731,"Pratts","Madison County",70
24442,"Head Waters","Highland County",68
23488,"Withams","Accomack County",62
22723,"Hood","Madison County",52
22989,"Woodberry Forest","Madison County",49
22845,"Orkney Springs","Shenandoah County",48
24316,"Broadford","Tazewell County",46
23304,"Battery Park","Isle of Wight County",45
24239,"Davenport","Buchanan County",38
23426,"Sanford","Accomack County",37
23884,"Sussex","Sussex County",29
23398,"Jamesville","Northampton County",27
23414,"Nelsonia","Accomack County",26
23045,"Diggs","Mathews County",25
23108,"Mascot","King and Queen County",22
23147,"Ruthville","Charles City County",22
23021,"Bohannon","Mathews County",19
23955,"Nottoway","Nottoway County",14
24131,"Paint Bank","Craig County",10
24411,"Augusta Springs","Augusta County",2
22035,"Fairfax","Fairfax County",0
22214,"Arlington","Arlington County",0
22646,"Millwood","Clarke County",0
22908,"Charlottesville","Charlottesville city",0
22957,"Montpelier Station","Orange County",0
23081,"Jamestown","James City County",0
23250,"Richmond","Henrico County",0
23408,"Marionville","Northampton County",0
23441,"Tasley","Accomack County",0
23667,"Hampton","Hampton city",0
23681,"Hampton","Hampton city",0
23870,"Jarratt","Greensville County",0
24022,"Roanoke","Roanoke city",0
24469,"New Hope","Augusta County",0
24570,"Lowry","Bedford County",0
24581,"Norwood","Nelson County",0
24601,"Amonate","Tazewell County",0