Region,Zip,City,County,Population,Therapists,PopPerTherapist
Central/East VA - Hampton Roads/Tidewater,23437,Suffolk,Suffolk city,5023,1,5023.0
Central/East VA - Hampton Roads/Tidewater,23511,Norfolk,Norfolk city,9664,4,2416.0
Central/East VA - Hampton Roads/Tidewater,23410,Melfa,Accomack County,2305,1,2305.0
Central/East VA - Hampton Roads/Tidewater,23421,Parksley,Accomack County,4290,2,2145.0
Central/East VA - Hampton Roads/Tidewater,23306,Belle Haven,Accomack County,1729,1,1729.0
Central/East VA - Hampton Roads/Tidewater,23356,Greenbackville,Accomack County,1628,1,1628.0
Central/East VA - Hampton Roads/Tidewater,23315,Carrsville,Isle of Wight County,1391,1,1391.0
Central/East VA - Hampton Roads/Tidewater,23487,Windsor,Isle of Wight County,6477,5,1295.4
Central/East VA - Hampton Roads/Tidewater,23325,Chesapeake,Chesapeake city,19138,18,1063.22
Central/East VA - Hampton Roads/Tidewater,23417,Onancock,Accomack County,3827,4,956.75
Central/East VA - Hampton Roads/Tidewater,23509,Norfolk,Norfolk city,13105,14,936.07
Central/East VA - Hampton Roads/Tidewater,23438,Suffolk,Suffolk city,1749,2,874.5
Central/East VA - Hampton Roads/Tidewater,23336,Chincoteague Island,Accomack County,3319,4,829.75
Central/East VA - Hampton Roads/Tidewater,23324,Chesapeake,Chesapeake city,24670,30,822.33
Central/East VA - Hampton Roads/Tidewater,23413,Nassawadox,Northampton County,776,1,776.0
Central/East VA - Hampton Roads/Tidewater,23415,New Church,Accomack County,2289,3,763.0
Central/East VA - Hampton Roads/Tidewater,23314,Carrollton,Isle of Wight County,10099,14,721.36
Central/East VA - Hampton Roads/Tidewater,23523,Norfolk,Norfolk city,8188,12,682.33
Central/East VA - Hampton Roads/Tidewater,23505,Norfolk,Norfolk city,28247,42,672.55
Central/East VA - Hampton Roads/Tidewater,23459,Virginia Beach,Virginia Beach city,1324,2,662.0
Central/East VA - Hampton Roads/Tidewater,23434,Suffolk,Suffolk city,54387,85,639.85
Central/East VA - Hampton Roads/Tidewater,23430,Smithfield,Isle of Wight County,19109,32,597.16
Central/East VA - Hampton Roads/Tidewater,23513,Norfolk,Norfolk city,28628,48,596.42
Central/East VA - Hampton Roads/Tidewater,23518,Norfolk,Norfolk city,29746,50,594.92
Central/East VA - Hampton Roads/Tidewater,23504,Norfolk,Norfolk city,23502,43,546.56
Central/East VA - Hampton Roads/Tidewater,23503,Norfolk,Norfolk city,30216,65,464.86
Central/East VA - Hampton Roads/Tidewater,23310,Cape Charles,Northampton County,5031,11,457.36
Central/East VA - Hampton Roads/Tidewater,23323,Chesapeake,Chesapeake city,43043,97,443.74
Central/East VA - Hampton Roads/Tidewater,23354,Franktown,Northampton County,433,1,433.0
Central/East VA - Hampton Roads/Tidewater,23551,Norfolk,Norfolk city,1702,4,425.5
Central/East VA - Hampton Roads/Tidewater,23456,Virginia Beach,Virginia Beach city,61911,147,421.16
Central/East VA - Hampton Roads/Tidewater,23418,Onley,Accomack County,753,2,376.5
Central/East VA - Hampton Roads/Tidewater,23455,Virginia Beach,Virginia Beach city,49977,133,375.77
Central/East VA - Hampton Roads/Tidewater,23435,Suffolk,Suffolk city,33721,91,370.56
Central/East VA - Hampton Roads/Tidewater,23457,Virginia Beach,Virginia Beach city,4814,13,370.31
Central/East VA - Hampton Roads/Tidewater,23321,Chesapeake,Chesapeake city,40176,111,361.95
Central/East VA - Hampton Roads/Tidewater,23453,Virginia Beach,Virginia Beach city,34482,96,359.19
Central/East VA - Hampton Roads/Tidewater,23303,Atlantic,Accomack County,342,1,342.0
Central/East VA - Hampton Roads/Tidewater,23322,Chesapeake,Chesapeake city,66956,198,338.16
Central/East VA - Hampton Roads/Tidewater,23454,Virginia Beach,Virginia Beach city,58178,199,292.35
Central/East VA - Hampton Roads/Tidewater,23508,Norfolk,Norfolk city,19432,69,281.62
Central/East VA - Hampton Roads/Tidewater,23462,Virginia Beach,Virginia Beach city,66151,279,237.1
Central/East VA - Hampton Roads/Tidewater,23464,Virginia Beach,Virginia Beach city,75061,342,219.48
Central/East VA - Hampton Roads/Tidewater,23427,Saxis,Accomack County,218,1,218.0
Central/East VA - Hampton Roads/Tidewater,23461,Virginia Beach,Virginia Beach city,943,5,188.6
Central/East VA - Hampton Roads/Tidewater,23433,Suffolk,Suffolk city,1391,8,173.88
Central/East VA - Hampton Roads/Tidewater,23451,Virginia Beach,Virginia Beach city,44012,262,167.98
Central/East VA - Hampton Roads/Tidewater,23301,Accomac,Accomack County,1804,11,164.0
Central/East VA - Hampton Roads/Tidewater,23320,Chesapeake,Chesapeake city,59108,389,151.95
Central/East VA - Hampton Roads/Tidewater,23452,Virginia Beach,Virginia Beach city,58455,399,146.5
Central/East VA - Hampton Roads/Tidewater,23502,Norfolk,Norfolk city,20399,140,145.71
Central/East VA - Hampton Roads/Tidewater,23507,Norfolk,Norfolk city,6645,50,132.9
Central/East VA - Hampton Roads/Tidewater,23460,Virginia Beach,Virginia Beach city,1041,12,86.75
Central/East VA - Hampton Roads/Tidewater,23401,Keller,Accomack County,288,4,72.0
Central/East VA - Hampton Roads/Tidewater,23517,Norfolk,Norfolk city,4932,75,65.76
Central/East VA - Hampton Roads/Tidewater,23436,Suffolk,Suffolk city,882,15,58.8
Central/East VA - Hampton Roads/Tidewater,23432,Suffolk,Suffolk city,1180,25,47.2
Central/East VA - Hampton Roads/Tidewater,23510,Norfolk,Norfolk city,9190,198,46.41
Central/East VA - Hampton Roads/Tidewater,23414,Nelsonia,Accomack County,26,1,26.0
Central/East VA - Peninsula/Hampton Roads,23696,Seaford,York County,3937,1,3937.0
Central/East VA - Peninsula/Hampton Roads,23664,Hampton,Hampton city,9643,5,1928.6
Central/East VA - Peninsula/Hampton Roads,23663,Hampton,Hampton city,14656,9,1628.44
Central/East VA - Peninsula/Hampton Roads,23702,Portsmouth,Portsmouth city,12485,8,1560.62
Central/East VA - Peninsula/Hampton Roads,23665,Hampton,Hampton city,5810,4,1452.5
Central/East VA - Peninsula/Hampton Roads,23607,Newport News,Newport News city,23096,18,1283.11
Central/East VA - Peninsula/Hampton Roads,23662,Poquoson,Poquoson city,12639,11,1149.0
Central/East VA - Peninsula/Hampton Roads,23707,Portsmouth,Portsmouth city,14766,17,868.59
Central/East VA - Peninsula/Hampton Roads,23608,Newport News,Newport News city,43641,59,739.68
Central/East VA - Peninsula/Hampton Roads,23605,Newport News,Newport News city,13332,20,666.6
Central/East VA - Peninsula/Hampton Roads,23661,Hampton,Hampton city,14005,23,608.91
Central/East VA - Peninsula/Hampton Roads,23701,Portsmouth,Portsmouth city,24298,42,578.52
Central/East VA - Peninsula/Hampton Roads,23703,Portsmouth,Portsmouth city,25610,45,569.11
Central/East VA - Peninsula/Hampton Roads,23669,Hampton,Hampton city,39884,72,553.94
Central/East VA - Peninsula/Hampton Roads,23602,Newport News,Newport News city,42265,82,515.43
Central/East VA - Peninsula/Hampton Roads,23604,Fort Eustis,Newport News city,4416,9,490.67
Central/East VA - Peninsula/Hampton Roads,23692,Yorktown,York County,19301,41,470.76
Central/East VA - Peninsula/Hampton Roads,23693,Yorktown,York County,23176,57,406.6
Central/East VA - Peninsula/Hampton Roads,23704,Portsmouth,Portsmouth city,19207,53,362.4
Central/East VA - Peninsula/Hampton Roads,23601,Newport News,Newport News city,26645,77,346.04
Central/East VA - Peninsula/Hampton Roads,23603,Newport News,Newport News city,3504,11,318.55
Central/East VA - Peninsula/Hampton Roads,23666,Hampton,Hampton city,54233,182,297.98
Central/East VA - Peninsula/Hampton Roads,23668,Hampton,Hampton city,723,3,241.0
Central/East VA - Peninsula/Hampton Roads,23651,Fort Monroe,Hampton city,439,2,219.5
Central/East VA - Peninsula/Hampton Roads,23690,Yorktown,York County,4597,31,148.29
Central/East VA - Peninsula/Hampton Roads,23606,Newport News,Newport News city,29971,228,131.45
Central/East VA - Peninsula/Hampton Roads,23708,Portsmouth,Portsmouth city,269,4,67.25
Central/East VA - Peninsula/Hampton Roads,23691,Yorktown,York County,464,8,58.0
Central/East VA - Richmond Area,23117,Mineral,Louisa County,10480,2,5240.0
Central/East VA - Richmond Area,23192,Montpelier,Hanover County,6629,2,3314.5
Central/East VA - Richmond Area,23024,Bumpass,Louisa County,11233,4,2808.25
Central/East VA - Richmond Area,23181,West Point,King William County,5565,2,2782.5
Central/East VA - Richmond Area,23089,Lanexa,New Kent County,4831,2,2415.5
Central/East VA - Richmond Area,23040,Cumberland,Cumberland County,4640,2,2320.0
Central/East VA - Richmond Area,23015,Beaverdam,Hanover County,4601,2,2300.5
Central/East VA - Richmond Area,23030,Charles City,Charles City County,4470,2,2235.0
Central/East VA - Richmond Area,23072,Hayes,Gloucester County,13328,6,2221.33
Central/East VA - Richmond Area,23150,Sandston,Henrico County,12544,6,2090.67
Central/East VA - Richmond Area,23009,Aylett,King William County,8270,4,2067.5
Central/East VA - Richmond Area,23140,Providence Forge,New Kent County,7755,4,1938.75
Central/East VA - Richmond Area,23071,Hartfield,Middlesex County,1879,1,1879.0
Central/East VA - Richmond Area,23146,Rockville,Hanover County,3451,2,1725.5
Central/East VA - Richmond Area,23084,Kents Store,Fluvanna County,1652,1,1652.0
Central/East VA - Richmond Area,23027,Cartersville,Cumberland County,1612,1,1612.0
Central/East VA - Richmond Area,23237,Richmond,Chesterfield County,27126,17,1595.65
Central/East VA - Richmond Area,23153,Sandy Hook,Goochland County,1586,1,1586.0
Central/East VA - Richmond Area,23038,Columbia,Goochland County,1471,1,1471.0
Central/East VA - Richmond Area,23102,Maidens,Goochland County,3605,3,1201.67
Central/East VA - Richmond Area,23138,Port Haywood,Mathews County,1198,1,1198.0
Central/East VA - Richmond Area,23109,Mathews,Mathews County,2327,2,1163.5
Central/East VA - Richmond Area,23086,King William,King William County,3777,4,944.25
Central/East VA - Richmond Area,23139,Powhatan,Powhatan County,27757,30,925.23
Central/East VA - Richmond Area,23141,Quinton,New Kent County,7814,9,868.22
Central/East VA - Richmond Area,23093,Louisa,Louisa County,14647,18,813.72
Central/East VA - Richmond Area,23120,Moseley,Chesterfield County,17586,23,764.61
Central/East VA - Richmond Area,23110,Mattaponi,King and Queen County,764,1,764.0
Central/East VA - Richmond Area,23061,Gloucester,Gloucester County,23308,34,685.53
Central/East VA - Richmond Area,23234,Richmond,Chesterfield County,47465,71,668.52
Central/East VA - Richmond Area,23070,Hardyville,Middlesex County,616,1,616.0
Central/East VA - Richmond Area,23149,Saluda,Middlesex County,2414,4,603.5
Central/East VA - Richmond Area,23224,Richmond,Richmond city,40575,70,579.64
Central/East VA - Richmond Area,23076,Hudgins,Mathews County,552,1,552.0
Central/East VA - Richmond Area,23175,Urbanna,Middlesex County,2053,4,513.25
Central/East VA - Richmond Area,23035,Cobbs Creek,Mathews County,1495,3,498.33
Central/East VA - Richmond Area,23002,Amelia Court House,Amelia County,10849,23,471.7
Central/East VA - Richmond Area,23231,Henrico,Henrico County,38544,88,438.0
Central/East VA - Richmond Area,23111,Mechanicsville,Hanover County,38070,87,437.59
Central/East VA - Richmond Area,23126,Newtown,King and Queen County,410,1,410.0
Central/East VA - Richmond Area,23004,Arvonia,Buckingham County,819,2,409.5
Central/East VA - Richmond Area,23103,Manakin Sabot,Goochland County,6922,17,407.18
Central/East VA - Richmond Area,23168,Toano,James City County,9673,24,403.04
Central/East VA - Richmond Area,23085,King And Queen Court House,King and Queen County,393,1,393.0
Central/East VA - Richmond Area,23116,Mechanicsville,Hanover County,34188,87,392.97
Central/East VA - Richmond Area,23128,North,Mathews County,367,1,367.0
Central/East VA - Richmond Area,23238,Henrico,Goochland County,26050,73,356.85
Central/East VA - Richmond Area,23124,New Kent,New Kent County,5147,15,343.13
Central/East VA - Richmond Area,23188,Williamsburg,James City County,45803,135,339.28
Central/East VA - Richmond Area,23227,Richmond,Henrico County,24925,79,315.51
Central/East VA - Richmond Area,23069,Hanover,Hanover County,3425,11,311.36
Central/East VA - Richmond Area,23063,Goochland,Goochland County,6164,20,308.2
Central/East VA - Richmond Area,23005,Ashland,Hanover County,19987,66,302.83
Central/East VA - Richmond Area,23059,Glen Allen,Hanover County,42522,157,270.84
Central/East VA - Richmond Area,23228,Henrico,Henrico County,36527,135,270.57
Central/East VA - Richmond Area,23075,Henrico,Henrico County,8347,31,269.26
Central/East VA - Richmond Area,23223,Richmond,Henrico County,54659,213,256.62
Central/East VA - Richmond Area,23055,Fork Union,Fluvanna County,1004,4,251.0
Central/East VA - Richmond Area,23225,Richmond,Richmond city,42771,174,245.81
Central/East VA - Richmond Area,23114,Midlothian,Chesterfield County,21631,92,235.12
Central/East VA - Richmond Area,23222,Richmond,Henrico County,26322,112,235.02
Central/East VA - Richmond Area,23060,Glen Allen,Henrico County,36497,171,213.43
Central/East VA - Richmond Area,23185,Williamsburg,James City County,55270,266,207.78
Central/East VA - Richmond Area,23112,Midlothian,Chesterfield County,57016,290,196.61
Central/East VA - Richmond Area,23233,Henrico,Henrico County,31582,163,193.75
Central/East VA - Richmond Area,23113,Midlothian,Chesterfield County,27477,171,160.68
Central/East VA - Richmond Area,23180,Water View,Middlesex County,479,3,159.67
Central/East VA - Richmond Area,23229,Henrico,Henrico County,35689,233,153.17
Central/East VA - Richmond Area,23236,Richmond,Chesterfield County,27903,185,150.83
Central/East VA - Richmond Area,23294,Henrico,Henrico County,20216,139,145.44
Central/East VA - Richmond Area,23235,Richmond,Chesterfield County,33461,265,126.27
Central/East VA - Richmond Area,23226,Richmond,Richmond city,15477,162,95.54
Central/East VA - Richmond Area,23130,Onemo,Mathews County,94,1,94.0
Central/East VA - Richmond Area,23056,Foster,Mathews County,175,2,87.5
Central/East VA - Richmond Area,23221,Richmond,Richmond city,14402,187,77.02
Central/East VA - Richmond Area,23106,Manquin,King William County,917,12,76.42
Central/East VA - Richmond Area,23220,Richmond,Richmond city,34671,467,74.24
Central/East VA - Richmond Area,23284,Richmond,Richmond city,2362,39,60.56
Central/East VA - Richmond Area,23230,Richmond,Henrico County,8910,231,38.57
Central/East VA - Richmond Area,23129,Oilville,Goochland County,305,9,33.89
Central/East VA - Richmond Area,23219,Richmond,Richmond city,4062,191,21.27
Central/East VA - Richmond Area,23298,Richmond,Richmond city,98,12,8.17
Central/East VA - Richmond Area,23173,Richmond,Richmond city,2107,289,7.29
Central/East VA - Southside/Central,23842,Disputanta,Prince George County,6924,1,6924.0
Central/East VA - Southside/Central,23824,Blackstone,Nottoway County,6455,1,6455.0
Central/East VA - Southside/Central,23924,Chase City,Mecklenburg County,5915,1,5915.0
Central/East VA - Southside/Central,23930,Crewe,Nottoway County,5508,1,5508.0
Central/East VA - Southside/Central,23927,Clarksville,Mecklenburg County,4809,1,4809.0
Central/East VA - Southside/Central,23974,Victoria,Lunenburg County,4582,1,4582.0
Central/East VA - Southside/Central,23885,Sutherland,Dinwiddie County,3193,1,3193.0
Central/East VA - Southside/Central,23841,Dinwiddie,Dinwiddie County,3021,1,3021.0
Central/East VA - Southside/Central,23936,Dillwyn,Buckingham County,7334,3,2444.67
Central/East VA - Southside/Central,23921,Buckingham,Buckingham County,2408,1,2408.0
Central/East VA - Southside/Central,23954,Meherrin,Prince Edward County,2396,1,2396.0
Central/East VA - Southside/Central,23837,Courtland,Southampton County,4623,2,2311.5
Central/East VA - Southside/Central,23919,Bracey,Mecklenburg County,2306,1,2306.0
Central/East VA - Southside/Central,23868,Lawrenceville,Brunswick County,6281,3,2093.67
Central/East VA - Southside/Central,23944,Kenbridge,Lunenburg County,3978,2,1989.0
Central/East VA - Southside/Central,23937,Drakes Branch,Charlotte County,1915,1,1915.0
Central/East VA - Southside/Central,23883,Surry,Surry County,1870,1,1870.0
Central/East VA - Southside/Central,23915,Baskerville,Mecklenburg County,1360,1,1360.0
Central/East VA - Southside/Central,23875,Prince George,Prince George County,13029,10,1302.9
Central/East VA - Southside/Central,23805,Petersburg,Prince George County,21408,18,1189.33
Central/East VA - Southside/Central,23860,Hopewell,Prince George County,31404,28,1121.57
Central/East VA - Southside/Central,23909,Farmville,Prince Edward County,1109,1,1109.0
Central/East VA - Southside/Central,23833,Church Road,Dinwiddie County,2212,2,1106.0
Central/East VA - Southside/Central,23960,Prospect,Prince Edward County,2176,2,1088.0
Central/East VA - Southside/Central,23847,Emporia,Greensville County,12956,12,1079.67
Central/East VA - Southside/Central,23867,Jarratt,Sussex County,5173,5,1034.6
Central/East VA - Southside/Central,23923,Charlotte Court House,Charlotte County,2063,2,1031.5
Central/East VA - Southside/Central,23851,Franklin,Southampton County,13237,14,945.5
Central/East VA - Southside/Central,23917,Boydton,Mecklenburg County,2422,3,807.33
Central/East VA - Southside/Central,23836,Chester,Chesterfield County,15298,20,764.9
Central/East VA - Southside/Central,23970,South Hill,Mecklenburg County,8109,11,737.18
Central/East VA - Southside/Central,23803,Petersburg,Dinwiddie County,42012,59,712.07
Central/East VA - Southside/Central,23962,Randolph,Charlotte County,705,1,705.0
Central/East VA - Southside/Central,23866,Ivor,Southampton County,1943,3,647.67
Central/East VA - Southside/Central,23831,Chester,Chesterfield County,39529,72,549.01
Central/East VA - Southside/Central,23838,Chesterfield,Chesterfield County,17686,33,535.94
Central/East VA - Southside/Central,23834,Colonial Heights,Chesterfield County,26628,51,522.12
Central/East VA - Southside/Central,23801,Fort Gregg Adams,Prince George County,8993,24,374.71
Central/East VA - Southside/Central,23901,Farmville,Cumberland County,15173,41,370.07
Central/East VA - Southside/Central,23942,Green Bay,Prince Edward County,1001,3,333.67
Central/East VA - Southside/Central,23828,Branchville,Southampton County,577,2,288.5
Central/East VA - Southside/Central,23832,Chesterfield,Chesterfield County,41442,165,251.16
Central/East VA - Southside/Central,23963,Red House,Charlotte County,468,2,234.0
Central/East VA - Southside/Central,23884,Sussex,Sussex County,29,1,29.0
Northern VA - Alexandria,22309,Alexandria,Fairfax County,34316,40,857.9
Northern VA - Alexandria,22311,Alexandria,Alexandria city,19337,41,471.63
Northern VA - Alexandria,22308,Alexandria,Fairfax County,14090,31,454.52
Northern VA - Alexandria,22315,Alexandria,Fairfax County,30404,67,453.79
Northern VA - Alexandria,22306,Alexandria,Fairfax County,30602,70,437.17
Northern VA - Alexandria,22312,Alexandria,Fairfax County,26768,85,314.92
Northern VA - Alexandria,22305,Alexandria,Alexandria city,17214,66,260.82
Northern VA - Alexandria,22310,Alexandria,Fairfax County,28136,108,260.52
Northern VA - Alexandria,22303,Alexandria,Fairfax County,16922,70,241.74
Northern VA - Alexandria,22304,Alexandria,Alexandria city,48613,223,218.0
Northern VA - Alexandria,22307,Alexandria,Fairfax County,10343,70,147.76
Northern VA - Alexandria,22302,Alexandria,Alexandria city,18026,149,120.98
Northern VA - Alexandria,22314,Alexandria,Alexandria city,36612,829,44.16
Northern VA - Alexandria,22301,Alexandria,Alexandria city,13665,413,33.09
Northern VA - Arlington,22204,Arlington,Arlington County,51921,183,283.72
Northern VA - Arlington,22213,Arlington,Arlington County,4021,21,191.48
Northern VA - Arlington,22206,Arlington,Arlington County,20703,109,189.94
Northern VA - Arlington,22205,Arlington,Arlington County,17738,96,184.77
Northern VA - Arlington,22202,Arlington,Arlington County,27715,200,138.57
Northern VA - Arlington,22211,Fort Myer,Arlington County,947,8,118.38
Northern VA - Arlington,22207,Arlington,Arlington County,35479,307,115.57
Northern VA - Arlington,22203,Arlington,Arlington County,26594,260,102.28
Northern VA - Arlington,22201,Arlington,Arlington County,37473,638,58.74
Northern VA - Arlington,22209,Arlington,Arlington County,14154,244,58.01
Northern VA - Central NoVA,22060,Fort Belvoir,Fairfax County,10641,16,665.06
Northern VA - Central NoVA,22026,Dumfries,Prince William County,22897,37,618.84
Northern VA - Central NoVA,22079,Lorton,Fairfax County,35284,59,598.03
Northern VA - Central NoVA,22025,Dumfries,Prince William County,19356,41,472.1
Northern VA - Central NoVA,22041,Falls Church,Fairfax County,29183,74,394.36
Northern VA - Central NoVA,22042,Falls Church,Fairfax County,35483,96,369.61
Northern VA - Central NoVA,22003,Annandale,Fairfax County,57755,160,360.97
Northern VA - Central NoVA,22033,Fairfax,Fairfax County,39526,113,349.79
Northern VA - Central NoVA,22043,Falls Church,Fairfax County,25750,82,314.02
Northern VA - Central NoVA,22015,Burke,Fairfax County,44647,152,293.73
Northern VA - Central NoVA,22039,Fairfax Station,Fairfax County,19626,71,276.42
Northern VA - Central NoVA,22044,Falls Church,Fairfax County,13996,54,259.19
Northern VA - Central NoVA,22032,Fairfax,Fairfax County,29240,117,249.91
Northern VA - Central NoVA,22031,Fairfax,Fairfax County,37276,269,138.57
Northern VA - Central NoVA,22066,Great Falls,Fairfax County,17185,182,94.42
Northern VA - Central NoVA,22027,Dunn Loring,Fairfax County,1939,30,64.63
Northern VA - Central NoVA,22030,Fairfax,Fairfax County,61332,963,63.69
Northern VA - Central NoVA,22046,Falls Church,Falls Church city,18169,333,54.56
Northern VA - East/Central,22172,Triangle,Prince William County,11490,14,820.71
Northern VA - East/Central,22153,Springfield,Fairfax County,32664,48,680.5
Northern VA - East/Central,22152,Springfield,Fairfax County,28814,69,417.59
Northern VA - East/Central,22134,Quantico,Stafford County,8310,20,415.5
Northern VA - East/Central,22151,Springfield,Fairfax County,17017,46,369.93
Northern VA - East/Central,22191,Woodbridge,Prince William County,73623,200,368.12
Northern VA - East/Central,22150,Springfield,Fairfax County,27955,77,363.05
Northern VA - East/Central,22181,Vienna,Fairfax County,15760,46,342.61
Northern VA - East/Central,22193,Woodbridge,Prince William County,81588,310,263.19
Northern VA - East/Central,22192,Woodbridge,Prince William County,59794,236,253.36
Northern VA - East/Central,22124,Oakton,Fairfax County,18091,88,205.58
Northern VA - East/Central,22180,Vienna,Fairfax County,26568,193,137.66
Northern VA - East/Central,22102,McLean,Fairfax County,29184,246,118.63
Northern VA - East/Central,22182,Vienna,Fairfax County,27783,332,83.68
Northern VA - East/Central,22101,McLean,Fairfax County,30953,517,59.87
Northern VA - East/Central,22125,Occoquan,Prince William County,681,22,30.95
Northern VA - North/West,20106,Amissville,Rappahannock County,4297,1,4297.0
Northern VA - North/West,20119,Catlett,Fauquier County,3416,1,3416.0
Northern VA - North/West,20137,Broad Run,Fauquier County,1938,1,1938.0
Northern VA - North/West,20135,Bluemont,Clarke County,3585,2,1792.5
Northern VA - North/West,20115,Marshall,Fauquier County,8173,6,1362.17
Northern VA - North/West,20112,Manassas,Prince William County,30500,23,1326.09
Northern VA - North/West,20181,Nokesville,Prince William County,10774,11,979.45
Northern VA - North/West,20197,Waterford,Loudoun County,1825,2,912.5
Northern VA - North/West,20164,Sterling,Loudoun County,43436,61,712.07
Northern VA - North/West,20111,Manassas,Prince William County,38124,55,693.16
Northern VA - North/West,20136,Bristow,Prince William County,32325,51,633.82
Northern VA - North/West,20187,Warrenton,Fauquier County,18980,31,612.26
Northern VA - North/West,20105,Aldie,Loudoun County,37639,63,597.44
Northern VA - North/West,20194,Reston,Fairfax County,12275,24,511.46
Northern VA - North/West,20180,Lovettsville,Loudoun County,7531,15,502.07
Northern VA - North/West,20141,Round Hill,Loudoun County,8359,17,491.71
Northern VA - North/West,20121,Centreville,Fairfax County,27788,57,487.51
Northern VA - North/West,20120,Centreville,Fairfax County,42896,91,471.38
Northern VA - North/West,20124,Clifton,Fairfax County,14375,31,463.71
Northern VA - North/West,20158,Hamilton,Loudoun County,4979,12,414.92
Northern VA - North/West,20109,Manassas,Prince William County,45444,113,402.16
Northern VA - North/West,20148,Ashburn,Loudoun County,64021,171,374.39
Northern VA - North/West,20171,Herndon,Fairfax County,51286,139,368.96
Northern VA - North/West,20152,Chantilly,Loudoun County,36674,111,330.4
Northern VA - North/West,20184,Upperville,Loudoun County,635,2,317.5
Northern VA - North/West,20169,Haymarket,Prince William County,28089,93,302.03
Northern VA - North/West,20165,Sterling,Loudoun County,34088,123,277.14
Northern VA - North/West,20155,Gainesville,Prince William County,37486,139,269.68
Northern VA - North/West,20170,Herndon,Fairfax County,43866,171,256.53
Northern VA - North/West,20198,The Plains,Fauquier County,2251,9,250.11
Northern VA - North/West,20110,Manassas,Manassas city,49890,208,239.86
Northern VA - North/West,20132,Purcellville,Loudoun County,19817,95,208.6
Northern VA - North/West,20176,Leesburg,Loudoun County,51471,276,186.49
Northern VA - North/West,20166,Sterling,Loudoun County,14949,87,171.83
Northern VA - North/West,20147,Ashburn,Loudoun County,67692,445,152.12
Northern VA - North/West,20186,Warrenton,Fauquier County,15703,105,149.55
Northern VA - North/West,20175,Leesburg,Loudoun County,34733,248,140.05
Northern VA - North/West,20143,Catharpin,Prince William County,1070,11,97.27
Northern VA - North/West,20151,Chantilly,Fairfax County,22610,247,91.54
Northern VA - North/West,20191,Reston,Fairfax County,31011,375,82.7
Northern VA - North/West,20190,Reston,Fairfax County,22012,268,82.13
Northern VA - North/West,20117,Middleburg,Loudoun County,2790,37,75.41
Northern VA - North/West,20129,Paeonian Springs,Loudoun County,538,18,29.89
Other,24609,Cedar Bluff,Tazewell County,6923,1,6923.0
Other,24630,North Tazewell,Tazewell County,5307,1,5307.0
Other,22443,Colonial Beach,Westmoreland County,10011,2,5005.5
Other,22645,Middletown,Frederick County,4639,1,4639.0
Other,22734,Remington,Fauquier County,3918,1,3918.0
Other,24637,Pounding Mill,Tazewell County,3778,1,3778.0
Other,22827,Elkton,Rockingham County,10529,3,3509.67
Other,22624,Clear Brook,Frederick County,3416,1,3416.0
Other,24614,Grundy,Buchanan County,6668,2,3334.0
Other,22824,Edinburg,Shenandoah County,6596,2,3298.0
Other,22620,Boyce,Clarke County,2825,1,2825.0
Other,22842,Mount Jackson,Shenandoah County,5580,2,2790.0
Other,22473,Heathsville,Northumberland County,5498,2,2749.0
Other,24639,Raven,Buchanan County,2736,1,2736.0
Other,22656,Stephenson,Frederick County,5360,2,2680.0
Other,22849,Shenandoah,Page County,5170,2,2585.0
Other,22967,Roseland,Nelson County,2413,1,2413.0
Other,22712,Bealeton,Fauquier County,9501,4,2375.25
Other,22520,Montross,Westmoreland County,4740,2,2370.0
Other,22514,Milford,Caroline County,2290,1,2290.0
Other,22572,Warsaw,Richmond County,6597,3,2199.0
Other,22942,Gordonsville,Louisa County,10560,5,2112.0
Other,22821,Dayton,Rockingham County,6116,3,2038.67
Other,22657,Strasburg,Shenandoah County,12067,6,2011.17
Other,22840,McGaheysville,Rockingham County,5239,3,1746.33
Other,22508,Locust Grove,Orange County,15557,9,1728.56
Other,22663,White Post,Clarke County,1705,1,1705.0
Other,22952,Lyndhurst,Augusta County,1694,1,1694.0
Other,22735,Reva,Madison County,1628,1,1628.0
Other,22923,Barboursville,Albemarle County,6435,4,1608.75
Other,22485,King George,King George County,27131,17,1595.94
Other,22841,Mount Crawford,Rockingham County,3090,2,1545.0
Other,22482,Kilmarnock,Northumberland County,3075,2,1537.5
Other,22846,Penn Laird,Rockingham County,1496,1,1496.0
Other,24605,Bluefield,Tazewell County,8872,6,1478.67
Other,22660,Toms Brook,Shenandoah County,1468,1,1468.0
Other,22427,Bowling Green,Caroline County,4356,3,1452.0
Other,22488,Kinsale,Westmoreland County,1367,1,1367.0
Other,22724,Jeffersonton,Culpeper County,2518,2,1259.0
Other,22973,Stanardsville,Greene County,6292,5,1258.4
Other,22835,Luray,Page County,11314,9,1257.11
Other,22556,Stafford,Stafford County,31785,27,1177.22
Other,22578,White Stone,Lancaster County,2353,2,1176.5
Other,22727,Madison,Madison County,5742,5,1148.4
Other,22974,Troy,Fluvanna County,5309,5,1061.8
Other,22610,Bentonville,Warren County,2113,2,1056.5
Other,22654,Star Tannery,Frederick County,1040,1,1040.0
Other,22642,Linden,Warren County,3933,4,983.25
Other,22959,North Garden,Albemarle County,1923,2,961.5
Other,22834,Linville,Rockingham County,956,1,956.0
Other,22627,Flint Hill,Rappahannock County,945,1,945.0
Other,22546,Ruther Glen,Caroline County,18392,20,919.6
Other,22960,Orange,Orange County,11657,13,896.69
Other,22630,Front Royal,Warren County,35615,40,890.38
Other,22664,Woodstock,Shenandoah County,9293,11,844.82
Other,22560,Tappahannock,Essex County,6612,8,826.5
Other,22958,Nellysford,Nelson County,2306,3,768.67
Other,22551,Spotsylvania,Spotsylvania County,24146,35,689.89
Other,22655,Stephens City,Frederick County,22687,33,687.48
Other,22844,New Market,Shenandoah County,4677,7,668.14
Other,22812,Bridgewater,Rockingham County,10660,16,666.25
Other,24651,Tazewell,Tazewell County,5982,9,664.67
Other,22603,Winchester,Frederick County,17133,26,658.96
Other,22737,Rixeyville,Culpeper County,3465,6,577.5
Other,22935,Dyke,Greene County,575,1,575.0
Other,22406,Fredericksburg,Stafford County,27367,48,570.15
Other,22407,Fredericksburg,Spotsylvania County,65425,116,564.01
Other,22640,Huntly,Rappahannock County,556,1,556.0
Other,22408,Fredericksburg,Spotsylvania County,31586,57,554.14
Other,22405,Fredericksburg,Stafford County,36890,68,542.5
Other,22940,Free Union,Albemarle County,1066,2,533.0
Other,22815,Broadway,Rockingham County,8465,16,529.06
Other,22701,Culpeper,Culpeper County,38512,73,527.56
Other,22920,Afton,Nelson County,3608,7,515.43
Other,22968,Ruckersville,Greene County,11235,22,510.68
Other,22980,Waynesboro,Augusta County,32965,68,484.78
Other,22963,Palmyra,Fluvanna County,16896,36,469.33
Other,22535,Port Royal,Caroline County,460,1,460.0
Other,22553,Spotsylvania,Spotsylvania County,17207,38,452.82
Other,22947,Keswick,Albemarle County,5256,12,438.0
Other,22503,Lancaster,Lancaster County,4296,10,429.6
Other,22736,Richardsville,Culpeper County,844,2,422.0
Other,22936,Earlysville,Albemarle County,6983,17,410.76
Other,22939,Fishersville,Augusta County,6908,17,406.35
Other,22802,Harrisonburg,Rockingham County,30374,75,404.99
Other,22740,Sperryville,Rappahannock County,1179,3,393.0
Other,22611,Berryville,Clarke County,9276,25,371.04
Other,22602,Winchester,Frederick County,32840,96,342.08
Other,22480,Irvington,Lancaster County,898,3,299.33
Other,22554,Stafford,Stafford County,65494,222,295.02
Other,22972,Somerset,Orange County,290,1,290.0
Other,22601,Winchester,Winchester city,29230,109,268.17
Other,22432,Burgess,Northumberland County,256,1,256.0
Other,22807,Harrisonburg,Harrisonburg city,5347,21,254.62
Other,22911,Charlottesville,Albemarle County,19107,92,207.68
Other,22943,Greenwood,Albemarle County,402,2,201.0
Other,22801,Harrisonburg,Rockingham County,39983,206,194.09
Other,22738,Rochelle,Madison County,928,5,185.6
Other,22747,Washington,Rappahannock County,967,6,161.17
Other,22903,Charlottesville,Albemarle County,40372,266,151.77
Other,22931,Covesville,Albemarle County,145,1,145.0
Other,22904,Charlottesville,Albemarle County,5729,43,133.23
Other,22401,Fredericksburg,Fredericksburg city,28731,227,126.57
Other,22901,Charlottesville,Albemarle County,37237,303,122.89
Other,22932,Crozet,Albemarle County,9148,81,112.94
Other,22902,Charlottesville,Albemarle County,23486,320,73.39
Other,22641,Strasburg,Shenandoah County,165,3,55.0
Other,22989,Woodberry Forest,Madison County,49,1,49.0
Western/SW VA - Far Southwest,24260,Honaker,Russell County,5318,1,5318.0
Western/SW VA - Far Southwest,24279,Pound,Wise County,4671,1,4671.0
Western/SW VA - Far Southwest,24251,Gate City,Scott County,7937,2,3968.5
Western/SW VA - Far Southwest,24219,Big Stone Gap,Wise County,10450,3,3483.33
Western/SW VA - Far Southwest,24230,Coeburn,Wise County,6900,2,3450.0
Western/SW VA - Far Southwest,24236,Damascus,Washington County,3109,1,3109.0
Western/SW VA - Far Southwest,24256,Haysi,Dickenson County,2982,1,2982.0
Western/SW VA - Far Southwest,24277,Pennington Gap,Lee County,5839,2,2919.5
Western/SW VA - Far Southwest,24263,Jonesville,Lee County,5830,2,2915.0
Western/SW VA - Far Southwest,24273,Norton,Wise County,5593,2,2796.5
Western/SW VA - Far Southwest,24248,Ewing,Lee County,2207,1,2207.0
Western/SW VA - Far Southwest,24225,Cleveland,Russell County,1791,1,1791.0
Western/SW VA - Far Southwest,24202,Bristol,Washington County,12389,8,1548.62
Western/SW VA - Far Southwest,24243,Dryden,Lee County,1452,1,1452.0
Western/SW VA - Far Southwest,24266,Lebanon,Russell County,8688,6,1448.0
Western/SW VA - Far Southwest,24228,Clintwood,Dickenson County,6317,5,1263.4
Western/SW VA - Far Southwest,24245,Dungannon,Scott County,1053,1,1053.0
Western/SW VA - Far Southwest,24293,Wise,Wise County,9786,11,889.64
Western/SW VA - Far Southwest,24211,Abingdon,Washington County,10298,14,735.57
Western/SW VA - Far Southwest,24201,Bristol,Bristol city,15903,37,429.81
Western/SW VA - Far Southwest,24270,Mendota,Washington County,416,1,416.0
Western/SW VA - Far Southwest,24210,Abingdon,Washington County,16814,65,258.68
Western/SW VA - Mountain Region,24426,Covington,Alleghany County,13872,2,6936.0
Western/SW VA - Mountain Region,24422,Clifton Forge,Alleghany County,5334,1,5334.0
Western/SW VA - Mountain Region,24361,Meadowview,Washington County,4484,1,4484.0
Western/SW VA - Mountain Region,24315,Bland,Bland County,3978,1,3978.0
Western/SW VA - Mountain Region,24477,Stuarts Draft,Augusta County,11482,3,3827.33
Western/SW VA - Mountain Region,24421,Churchville,Augusta County,3450,1,3450.0
Western/SW VA - Mountain Region,24317,Cana,Carroll County,3409,1,3409.0
Western/SW VA - Mountain Region,24440,Greenville,Augusta County,2710,1,2710.0
Western/SW VA - Mountain Region,24348,Independence,Grayson County,4855,2,2427.5
Western/SW VA - Mountain Region,24340,Glade Spring,Washington County,6111,3,2037.0
Western/SW VA - Mountain Region,24482,Verona,Augusta County,5312,3,1770.67
Western/SW VA - Mountain Region,24319,Chilhowie,Smyth County,6997,4,1749.25
Western/SW VA - Mountain Region,24343,Hillsville,Carroll County,9210,6,1535.0
Western/SW VA - Mountain Region,24301,Pulaski,Pulaski County,13567,9,1507.44
Western/SW VA - Mountain Region,24360,Max Meadows,Wythe County,5750,4,1437.5
Western/SW VA - Mountain Region,24368,Rural Retreat,Wythe County,5574,4,1393.5
Western/SW VA - Mountain Region,24486,Weyers Cave,Augusta County,3739,3,1246.33
Western/SW VA - Mountain Region,24350,Ivanhoe,Wythe County,1130,1,1130.0
Western/SW VA - Mountain Region,24431,Crimora,Augusta County,2176,2,1088.0
Western/SW VA - Mountain Region,24378,Troutdale,Grayson County,1056,1,1056.0
Western/SW VA - Mountain Region,24416,Buena Vista,Rockbridge County,9082,9,1009.11
Western/SW VA - Mountain Region,24382,Wytheville,Wythe County,14582,16,911.38
Western/SW VA - Mountain Region,24471,Port Republic,Rockingham County,1768,2,884.0
Western/SW VA - Mountain Region,24435,Fairfield,Rockbridge County,1764,2,882.0
Western/SW VA - Mountain Region,24323,Crockett,Wythe County,798,1,798.0
Western/SW VA - Mountain Region,24333,Galax,Grayson County,17390,22,790.45
Western/SW VA - Mountain Region,24380,Willis,Floyd County,3088,4,772.0
Western/SW VA - Mountain Region,24354,Marion,Smyth County,13001,17,764.76
Western/SW VA - Mountain Region,24465,Monterey,Highland County,1403,2,701.5
Western/SW VA - Mountain Region,24487,Williamsville,Highland County,566,1,566.0
Western/SW VA - Mountain Region,24363,Mouth Of Wilson,Grayson County,1031,2,515.5
Western/SW VA - Mountain Region,24450,Lexington,Rockbridge County,17714,36,492.06
Western/SW VA - Mountain Region,24457,Low Moor,Alleghany County,425,1,425.0
Western/SW VA - Mountain Region,24401,Staunton,Augusta County,38756,116,334.1
Western/SW VA - Roanoke Area,24055,Bassett,Henry County,11814,2,5907.0
Western/SW VA - Roanoke Area,24088,Ferrum,Franklin County,5017,1,5017.0
Western/SW VA - Roanoke Area,24175,Troutville,Botetourt County,8128,3,2709.33
Western/SW VA - Roanoke Area,24134,Pearisburg,Giles County,5400,2,2700.0
Western/SW VA - Roanoke Area,24085,Eagle Rock,Botetourt County,2391,1,2391.0
Western/SW VA - Roanoke Area,24067,Callaway,Franklin County,2371,1,2371.0
Western/SW VA - Roanoke Area,24127,New Castle,Craig County,4392,2,2196.0
Western/SW VA - Roanoke Area,24101,Hardy,Franklin County,6185,3,2061.67
Western/SW VA - Roanoke Area,24054,Axton,Henry County,5957,3,1985.67
Western/SW VA - Roanoke Area,24095,Goodview,Bedford County,3962,2,1981.0
Western/SW VA - Roanoke Area,24171,Stuart,Patrick County,8268,5,1653.6
Western/SW VA - Roanoke Area,24138,Pilot,Montgomery County,1432,1,1432.0
Western/SW VA - Roanoke Area,24124,Narrows,Giles County,4042,3,1347.33
Western/SW VA - Roanoke Area,24121,Moneta,Bedford County,10315,8,1289.38
Western/SW VA - Roanoke Area,24078,Collinsville,Henry County,6438,5,1287.6
Western/SW VA - Roanoke Area,24053,Ararat,Patrick County,2414,2,1207.0
Western/SW VA - Roanoke Area,24089,Fieldale,Henry County,2265,2,1132.5
Western/SW VA - Roanoke Area,24174,Thaxton,Bedford County,2191,2,1095.5
Western/SW VA - Roanoke Area,24065,Boones Mill,Franklin County,6565,6,1094.17
Western/SW VA - Roanoke Area,24084,Dublin,Pulaski County,10604,10,1060.4
Western/SW VA - Roanoke Area,24149,Riner,Montgomery County,3986,4,996.5
Western/SW VA - Roanoke Area,24077,Cloverdale,Botetourt County,943,1,943.0
Western/SW VA - Roanoke Area,24069,Cascade,Pittsylvania County,1861,2,930.5
Western/SW VA - Roanoke Area,24112,Martinsville,Henry County,31028,36,861.89
Western/SW VA - Roanoke Area,24076,Claudville,Patrick County,801,1,801.0
Western/SW VA - Roanoke Area,24120,Meadows Of Dan,Patrick County,1591,2,795.5
Western/SW VA - Roanoke Area,24151,Rocky Mount,Franklin County,18154,23,789.3
Western/SW VA - Roanoke Area,24136,Pembroke,Giles County,3145,4,786.25
Western/SW VA - Roanoke Area,24017,Roanoke,Roanoke city,23678,31,763.81
Western/SW VA - Roanoke Area,24162,Shawsville,Montgomery County,2259,3,753.0
Western/SW VA - Roanoke Area,24179,Vinton,Bedford County,18773,26,722.04
Western/SW VA - Roanoke Area,24064,Blue Ridge,Bedford County,4875,7,696.43
Western/SW VA - Roanoke Area,24079,Copper Hill,Floyd County,1389,2,694.5
Western/SW VA - Roanoke Area,24132,Parrott,Pulaski County,694,1,694.0
Western/SW VA - Roanoke Area,24013,Roanoke,Roanoke city,8026,12,668.83
Western/SW VA - Roanoke Area,24184,Wirtz,Franklin County,4527,7,646.71
Western/SW VA - Roanoke Area,24102,Henry,Franklin County,1291,2,645.5
Western/SW VA - Roanoke Area,24012,Roanoke,Roanoke city,28235,45,627.44
Western/SW VA - Roanoke Area,24072,Check,Floyd County,1238,2,619.0
Western/SW VA - Roanoke Area,24019,Roanoke,Roanoke County,28585,50,571.7
Western/SW VA - Roanoke Area,24083,Daleville,Botetourt County,4948,9,549.78
Western/SW VA - Roanoke Area,24128,Newport,Giles County,1450,3,483.33
Western/SW VA - Roanoke Area,24153,Salem,Roanoke County,38914,87,447.29
Western/SW VA - Roanoke Area,24185,Woolwine,Patrick County,894,2,447.0
Western/SW VA - Roanoke Area,24150,Ripplemead,Giles County,883,2,441.5
Western/SW VA - Roanoke Area,24091,Floyd,Floyd County,7417,20,370.85
Western/SW VA - Roanoke Area,24142,Radford,Radford city,2205,6,367.5
Western/SW VA - Roanoke Area,24087,Elliston,Montgomery County,3941,11,358.27
Western/SW VA - Roanoke Area,24147,Rich Creek,Giles County,1352,4,338.0
Western/SW VA - Roanoke Area,24014,Roanoke,Roanoke County,15300,47,325.53
Western/SW VA - Roanoke Area,24141,Radford,Pulaski County,21484,66,325.52
Western/SW VA - Roanoke Area,24070,Catawba,Roanoke County,1271,4,317.75
Western/SW VA - Roanoke Area,24059,Bent Mountain,Roanoke County,893,3,297.67
Western/SW VA - Roanoke Area,24058,Belspring,Pulaski County,281,1,281.0
Western/SW VA - Roanoke Area,24073,Christiansburg,Montgomery County,29677,106,279.97
Western/SW VA - Roanoke Area,24061,Blacksburg,Montgomery County,9202,33,278.85
Western/SW VA - Roanoke Area,24167,Staffordsville,Giles County,275,1,275.0
Western/SW VA - Roanoke Area,24060,Blacksburg,Montgomery County,48541,180,269.67
Western/SW VA - Roanoke Area,24086,Eggleston,Giles County,263,1,263.0
Western/SW VA - Roanoke Area,24018,Roanoke,Roanoke County,38720,162,239.01
Western/SW VA - Roanoke Area,24015,Roanoke,Roanoke city,15865,67,236.79
Western/SW VA - Roanoke Area,24016,Roanoke,Roanoke city,10521,51,206.29
Western/SW VA - Roanoke Area,24129,New River,Pulaski County,114,1,114.0
Western/SW VA - Roanoke Area,24020,Roanoke,Roanoke County,583,7,83.29
Western/SW VA - Roanoke Area,24011,Roanoke,Roanoke city,784,17,46.12
Western/SW VA - Southern/Piedmont,24586,Ringgold,Pittsylvania County,4807,1,4807.0
Western/SW VA - Southern/Piedmont,24557,Gretna,Pittsylvania County,7678,2,3839.0
Western/SW VA - Southern/Piedmont,24528,Brookneal,Campbell County,3775,1,3775.0
Western/SW VA - Southern/Piedmont,24550,Evington,Campbell County,8190,3,2730.0
Western/SW VA - Southern/Piedmont,24563,Hurt,Pittsylvania County,5184,2,2592.0
Western/SW VA - Southern/Piedmont,24558,Halifax,Halifax County,6458,3,2152.67
Western/SW VA - Southern/Piedmont,24554,Gladys,Campbell County,3769,2,1884.5
Western/SW VA - Southern/Piedmont,24574,Monroe,Amherst County,3666,2,1833.0
Western/SW VA - Southern/Piedmont,24589,Scottsburg,Halifax County,1763,1,1763.0
Western/SW VA - Southern/Piedmont,24531,Chatham,Pittsylvania County,8695,5,1739.0
Western/SW VA - Southern/Piedmont,24517,Altavista,Campbell County,4996,3,1665.33
Western/SW VA - Southern/Piedmont,24534,Clover,Halifax County,1655,1,1655.0
Western/SW VA - Southern/Piedmont,24541,Danville,Pittsylvania County,28042,17,1649.53
Western/SW VA - Southern/Piedmont,24521,Amherst,Amherst County,10599,7,1514.14
Western/SW VA - Southern/Piedmont,24529,Buffalo Junction,Mecklenburg County,1345,1,1345.0
Western/SW VA - Southern/Piedmont,24588,Rustburg,Campbell County,8817,7,1259.57
Western/SW VA - Southern/Piedmont,24540,Danville,Pittsylvania County,31013,26,1192.81
Western/SW VA - Southern/Piedmont,24592,South Boston,Halifax County,14589,13,1122.23
Western/SW VA - Southern/Piedmont,24593,Spout Spring,Appomattox County,2162,2,1081.0
Western/SW VA - Southern/Piedmont,24590,Scottsville,Buckingham County,8229,8,1028.62
Western/SW VA - Southern/Piedmont,24572,Madison Heights,Amherst County,15744,16,984.0
Western/SW VA - Southern/Piedmont,24520,Alton,Halifax County,1931,2,965.5
Western/SW VA - Southern/Piedmont,24522,Appomattox,Appomattox County,10056,11,914.18
Western/SW VA - Southern/Piedmont,24556,Goode,Bedford County,2584,3,861.33
Western/SW VA - Southern/Piedmont,24515,Lynchburg,Lynchburg city,6391,11,581.0
Western/SW VA - Southern/Piedmont,24523,Bedford,Bedford County,20349,39,521.77
Western/SW VA - Southern/Piedmont,24538,Concord,Campbell County,4867,10,486.7
Western/SW VA - Southern/Piedmont,24578,Natural Bridge,Rockbridge County,457,1,457.0
Western/SW VA - Southern/Piedmont,24580,Nelson,Mecklenburg County,360,1,360.0
Western/SW VA - Southern/Piedmont,24503,Lynchburg,Bedford County,20419,65,314.14
Western/SW VA - Southern/Piedmont,24551,Forest,Bedford County,28554,103,277.22
Western/SW VA - Southern/Piedmont,24501,Lynchburg,Campbell County,25006,104,240.44
Western/SW VA - Southern/Piedmont,24504,Lynchburg,Campbell County,9632,41,234.93
Western/SW VA - Southern/Piedmont,24502,Lynchburg,Lynchburg city,41979,179,234.52
